title,buyer_name,short_description,publication_date,deadline,link,cpv_codes,cpv_match,keyword_match
"SL 36-25O - Strategisches, regionales Entwicklungskonzept - Sicherung der wirtschaftlichen Zukunft Vorpommerns und das östliche Mecklenburg im EU-Raum zu Polen",Landkreis Vorpommern-Rügen,,2025-09-25,2026-08-31,http://data.europa.eu/p27/eforms-ubl-extension-aggregate-components/1,79310000;79340000,true,false
Fluggastbefragung Fraport-Monitor,Fraport AG,Fluggastbefragung Fraport-Monitor,2025-09-26,2025-10-27,https://xvergabe-vp-prod.ai-hosting.de/NetServer/TenderingProcedureDetails?function=_Details&TenderOID=54321-Tender-19840e260a2-779ef183ee8abfd9&,79310000;79342310;79342311,true,false
Alfred-Wegener-Institut (AWI): Tragwerksplanung für den Neubau eines Wohngebäudes in List auf Sylt,Alfred-Wegener-Institut Helmholtz-Zentrum für Polar- und Meeresforschung,"Das Alfred-Wegener-Institut Helmholtz-Zentrum für Polar- und Meeresforschung (Alfred-Wegener-Institut - AWI) ist ein Forschungsinstitut in Bremerhaven mit über 1.000 Mitarbeiter*innen. Neben dem Hauptstandort in Bremerhaven betreibt das AWI zur Forschungszwecken weitere Standorte, unter anderem auf Sylt. Der Standort Sylt hat aufgrund der Insellage besondere Anforderungen zu meistern. Um die Wissenschaftler und Wissenschaftlerinnen, sowie wissenschaftsunterstützendes Personal für das AWI / Wattenmeerstation zu gewinnen, ist es erforderlich Wohnraum zur Verfügung zu stellen. Der Abriss des abgängigen Bestandsgebäudes und ein Neubau als Mehrfamilienhaus mit 1,5-Zimmer Appartements und 3-Zimmer Appartements für Familien hat sich als wirtschaftlichste und sinnvollste Variante herausgestellt.",2025-09-26,2025-10-27,https://www.subreport.de/E79284447,71200000;71320000,false,true
Wohnbaulandumfrage,NBank,Wohnbaulandumfrage,,2025-10-13,https://www.dtvp.de/Satellite/notice/CXP4Y645229,79311000;79311200,true,false
Wettbewerbsbeobachtung für werbliche Aktivitäten in der gesetzlichen Krankenversicherung,DAK-Gesundheit,Wettbewerbsbeobachtung für werbliche Aktivitäten in der gesetzlichen Krankenversicherung,,2025-10-17,https://www.dtvp.de/Satellite/notice/CXS0YRXYTNZ0TN23,79000000;79310000,true,false
Alfred-Wegener-Institut (AWI): Objektplanung für den Neubau eines Wohngebäudes in List auf Sylt,Alfred-Wegener-Institut Helmholtz-Zentrum für Polar- und Meeresforschung,"Das Alfred-Wegener-Institut Helmholtz-Zentrum für Polar- und Meeresforschung (Alfred-Wegener-Institut - AWI) ist ein Forschungsinstitut in Bremerhaven mit über 1.000 Mitarbeiter*innen. Neben dem Hauptstandort in Bremerhaven betreibt das AWI zur Forschungszwecken weitere Standorte, unter anderem auf Sylt. Der Standort Sylt hat aufgrund der Insellage besondere Anforderungen zu meistern. Um die Wissenschaftler und Wissenschaftlerinnen, sowie wissenschaftsunterstützendes Personal für das AWI / Wattenmeerstation zu gewinnen, ist es erforderlich Wohnraum zur Verfügung zu stellen. Der Abriss des abgängigen Bestandsgebäudes und ein Neubau als Mehrfamilienhaus mit 1,5-Zimmer Appartements und 3-Zimmer Appartements für Familien hat sich als wirtschaftlichste und sinnvollste Variante herausgestellt.",2025-09-25,2025-10-27,https://www.subreport.de/E69154127,71200000;71320000,false,true
Bürgerbefragung Ahrtal,"Rheinische Friedrich-Wilhelms-Universität Bonn, Abt. 5.3",Bürgerbefragung im Ahrtal (s. Vergabeunterlagen),2025-09-25,2025-10-31,https://www.evergabe.nrw.de/VMPSatellite/notice/CXPNY5EDP49/documents,79000000;79300000;79311000;79320000,true,false
Studie zu Anforderungen an intelligente Verträge nach dem Data Act,Bundesnetzagentur,Studie zu Anforderungen an intelligente Verträge nach dem Data Act Siehe Leistungsbeschreibung,2025-09-26,2025-11-06,https://www.evergabe-online.de/tenderdetails.html?id=805130,,false,true
DEBRA IV Marktstudie,Universitätsklinikum Düsseldorf,"Das Institut für Allgemeinmedizin (ifam) am Centre for Health and Society (chs) des Universitätsklinikum Düsseldorf möchte unter der Leitung von Univ.-Prof. Dr. Daniel Kotz eine bereits laufende wissenschaftliche Studie (bevölkerungs-repräsentative Datenerhebung in Deutschland: die Deutsche Befragung zum Rauchverhalten, DEBRA) zum Konsumverhalten von klassischen und neuartigen Nikotin- und Tabakprodukten sowie Cannabis in Deutschland fortführen.",2025-09-23,2025-10-24,https://www.evergabe.nrw.de/VMPSatellite/notice/CXPNYBBDPMZ/documents,79300000;79310000;79311000;79311200;79311210,true,true
B2B-Vermarktung und PR für das Retailing des Flughafen Frankfurt,Fraport AG,B2B-Vermarktung und PR für das Retailing des Flughafen Frankfurt,2025-09-24,2025-10-24,https://xvergabe-vp-prod.ai-hosting.de/NetServer/TenderingProcedureDetails?function=_Details&TenderOID=54321-Tender-1992ea413d4-63e4bd4c6c63726d&,79340000;79342000;79413000,false,true
"Quantitative Umfrage in Indien, Brasilien und Nigeria",Universität Stuttgart,"Quantitative Umfrage in Indien, Brasilien und Nigeria",2025-09-24,2025-10-27,https://ausschreibungen.landbw.de/Satellite/notice/CXUEYY8YTNRNC6C0/documents,79320000,true,true
Dienstleistungsvergabe für das MINT-Cluster „MINTmit“,Regionalmanagement Mittelhessen GmbH,Dienstleistungsvergabe für das MINT-Cluster „MINTmit“,,2025-10-15,https://www.had.de/onlinesuche_langfassung.html?showpub=EQUYZ3ZOPQK53FRH,79300000;79310000;79311000;79311200;79330000;79411000;79412000;79416200;79419000;79950000;79952000;80310000,true,false
Öffentlichkeitsarbeit / PR Unterstützung B2B & B2C,Bayern Tourismus Marketing GmbH,"Titel 1 - B2B Bisherige Kommunikationsmaßnahmen im B2B-Bereich umfassen u. a. Fachpressearbeit, Branchenveranstaltungen, Panel-Teilnahmen, Reden und die Bespielung von Corporate-Kanälen (z. B. LinkedIn). Die Weiterentwicklung dieser Maßnahmen und eine professionelle, strategisch fundierte PR-Unterstützung sind Ziel der Ausschreibung. Titel 2 - B2C Für den Bereich B2C sucht die BayTM eine PR-Agentur, die ihre Aktivitäten in sämtlichen Bereichen des bayerischen Tourismusmarketings durch eine professionelle Dienstleistung in der DACH-Region flankiert und unterstützt. Schwerpunkte der PR-Arbeit sind dabei Dienstleistungen aus den Bereichen Consumer- und Veranstaltungs-PR. Die Content-Strategie wird im Unternehmen erarbeitet, die Themen sollen von der PR-Agentur in den Medien platziert werden.",2025-09-22,2025-10-23,https://www.dtvp.de/Satellite/notice/CXVHYD6YTN5T2CHF/documents,79000000;79400000;79416000;79416200,false,true
Mitarbeitendenbefragungen innerhalb einer Resonanzstrategie: Gefährdungsbeurteilung psychischer Belastungen,DAK-Gesundheit,,2025-09-23,2029-08-31,http://data.europa.eu/p27/eforms-ubl-extension-aggregate-components/1,79300000;79311000;79311100;79311200;79311300;79320000,true,false
RV Institutsumfragen 2026,Max-Planck-Gesellschaft e.V. - Generalverwaltung - SG Vergabemanagement,"Die Max-Planck-Gesellschaft e. V. hat einen regelmäßigen Bedarf an der Durchführung von einschlägigen Befragungen ihrer Mitarbeitenden. Diese Umfragen dienen dazu, die Arbeits- und Führungskultur zu analysieren und zu verbessern, die Zufriedenheit der Mitarbeitenden zu erhöhen, die MPG als Arbeitgeber attraktiv(er) zu positionieren und präventiv zu agieren. Nach erfolgreicher Durchführung der ersten Umfragerunde der Arbeits- und Führungskulturumfrage an den Einrichtungen der MPG soll die zweite Umfragerunde im April 2026 an allen, über 80 Einrichtungen der MPG, anschließen. Auf Wunsch können die Einrichtungen die Umfrage mit der gesetzlich vorgeschriebenen Gefährdungsbeurteilung psychische Belastungen verbinden.",2025-09-23,2029-04-14,https://www.tender24.de,79320000,true,true
Erlebnisbad Zeller Land -Los 25.1 - Metallbau- und Verglasungsarbeiten,Verbandsgemeindeverwaltung Zell (Mosel),"Das Erlebnisbad Zeller Land wurde vor ca. 45 Jahren als reines Sportbad angrenzend an das vorhandene Freibad errichtet. Im Jahre 1993 wurde das Hallenbad erweitert und der Freibadbereich bis auf das Kinderplanschbecken geschlossen. Einige Bereich des Bades sind noch im Original aus dem Jahre 1974 und daher in entsprechendem Zustand. Selbst die neueren Bauteile aus den 90er Jahren weisen schon erhebliche Mängel und Verschleißerscheinungen an der Baukonstruktion und den technischen Anlagen auf. Dies hat die Verbandsgemeinde Zell an der Mosel als Betreiberin des Bades veranlasst, im Jahre 2019 eine Sanierungsstudie zu beauftragen. Ergebnis der Studie war, dass die gesamte Dachkonstruktion, die best.",2025-09-23,2025-10-28,https://www.dtvp.de/Satellite/notice/CXP4YJV52KL/documents,45000000;45262670;45441000,false,true
Ermittlung der Kosten für Unterkunft und Heizung in der Landeshauptstadt Magdeburg (30-ZV-0146/25),"Landeshauptstadt Magdeburg, Die Oberbürgermeisterin, Zentrale Vergabestelle","Ermittlung der Kosten für Unterkunft und Heizung in der Landeshauptstadt Magdeburg Mietlwerterhebung einschließlich Fortschreibung und webbasierter Datenbank für Angebotsmieten Ermittlung der abstrakt-angemessenen Richtwerte für Unterkunft und Heizung in der Landeshauptstadt Magdeburg für die Rechtskreise: Grundsicherung für Arbeitssuchende (SGB II), Sozialhilfe (SGB XII) und Asylbewerberleistungsgesetz (AsylbLG). Diese setzen sich wie folgt zusammen: - Kosten der Grundmiete - kalte Betriebskosten - Kosten für Heizung und Warmwasser jedoch sollte die Höhe der Kosten ""angemessen"" sein (eine ""angemessene"" Höhe ist vom Gesetzgeber nicht vorgesehen, weshalb diese durch ein ""schlüssiges Konzept"" bestimmt werden soll).",2025-09-24,2025-10-21,https://www.evergabe-online.de/tenderdetails.html?id=803873,48000000;48610000;79330000,true,false
Toxikologische Studie von polymere Mikrobläschen,Universitätsklinikum Aachen AöR,,2025-09-22,2025-12-31,http://data.europa.eu/p27/eforms-ubl-extension-aggregate-components/1,73100000,false,true
Erstellung einer wissenschaftliche Studie zu Erasmus plus - School Alliances,Ständigen Konferenz der Kultusminister der Länder in der BRD,"Erasmus+ School Alliances als EU-Pilotprojekt im Schulbereich Eine wissenschaftliche Studie zu Herausforderungen, Chancen und Wirkungen",2025-09-22,2025-10-27,https://www.meinauftrag.rib.de/public/DetailsByPlatformIdAndTenderId/platformId/2/tenderId/198312,79310000,true,true
Beschaffung einer Arzneimittelanalytik-Datenbank,AOK Bayern - Die Gesundheitskasse,Beschaffung einer Arzneimittelanalytik-Datenbank als Software-as-a-Service-Lösung,2025-09-22,2025-10-23,https://www.dtvp.de/Satellite/notice/CXP4Y6Y524V/documents,48460000;79300000,true,false
Untersuchung gesundheitlicher Auswirkungen unterschiedlicher Arbeitszeitmodelle im Wechselschichtdienst,"Polizeipräsidium, Behördenstab, Stabsbereich Logistik",Untersuchung gesundheitlicher Auswirkungen unterschiedlicher Arbeitszeitmodelle im Wechselschichtdienst,,2025-10-08,https://vergabemarktplatz.brandenburg.de/VMPSatellite/notice/CXP9YRRHC6Q,73000000;73110000;79300000,true,false
Supportverlängerung CISCO Bladecenter,Forschungsinstitut Für Nutztierbiologie,"1) Zur Angebotsabgabe auffordernde Stelle: Offizielle Bezeichnung: Forschungsinstitut Für Nutztierbiologie; Bereich/Abteilung: SG II; Straße, Hausnummer: Wilhelm-Stahl-Allee 2; Postleitzahl: 18196; Ort: Dummerstorf; Land: DE; Telefon: +49 3820868610; Fax: +49 3820868602; Internet-Adresse: www.fbn-dummerstorf.de; E-Mail: hoffmann@fbn-dummerstorf.de Den Zuschlag erteilende Stelle: s.o. Stelle, bei der die Angebote oder Teilnahmeanträge einzureichen sind: s.o. 2) Verfahrensart: Öffentliche Ausschreibung, Vergabenummer: 19/25 3) Form, in der Teilnahmeanträge oder Angebote einzureichen sind: Angebote können nur elektronisch abgegeben werden. 4) Ggf.",,2025-10-06,https://www.evergabe.de/auftraege/suche-ueber-vergabestellen/Forschungsinstitut%2520F%25C3%25BCr%2520Nutztierbiologie/3257864,,false,true
Wartungsverlängerung DELL / EMC Powerstore,Forschungsinstitut Für Nutztierbiologie,"1) Zur Angebotsabgabe auffordernde Stelle: Offizielle Bezeichnung: Forschungsinstitut Für Nutztierbiologie; Bereich/Abteilung: SG II; Straße, Hausnummer: Wilhelm-Stahl-Allee 2; Postleitzahl: 18196; Ort: Dummerstorf; Land: DE; Telefon: +49 3820868610; Fax: +49 3820868602; Internet-Adresse: www.fbn-dummerstorf.de; E-Mail: hoffmann@fbn-dummerstorf.de Den Zuschlag erteilende Stelle: s.o. Stelle, bei der die Angebote oder Teilnahmeanträge einzureichen sind: s.o. 2) Verfahrensart: Öffentliche Ausschreibung, Vergabenummer: 18/25 3) Form, in der Teilnahmeanträge oder Angebote einzureichen sind: Angebote können nur elektronisch abgegeben werden. 4) Ggf.",,2025-10-06,https://www.evergabe.de/auftraege/suche-ueber-vergabestellen/Forschungsinstitut%2520F%25C3%25BCr%2520Nutztierbiologie/3257862,,false,true
Supportverlängerung DELL/EMC PowerScale (Isilon),Forschungsinstitut Für Nutztierbiologie,"1) Zur Angebotsabgabe auffordernde Stelle: Offizielle Bezeichnung: Forschungsinstitut Für Nutztierbiologie; Bereich/Abteilung: SG II; Straße, Hausnummer: Wilhelm-Stahl-Allee 2; Postleitzahl: 18196; Ort: Dummerstorf; Land: DE; Telefon: +49 3820868610; Fax: +49 3820868602; Internet-Adresse: www.fbn-dummerstorf.de; E-Mail: hoffmann@fbn-dummerstorf.de Den Zuschlag erteilende Stelle: s.o. Stelle, bei der die Angebote oder Teilnahmeanträge einzureichen sind: s.o. 2) Verfahrensart: Öffentliche Ausschreibung, Vergabenummer: 17/25 3) Form, in der Teilnahmeanträge oder Angebote einzureichen sind: Angebote können nur elektronisch abgegeben werden. 4) Ggf.",,2025-10-06,https://www.evergabe.de/auftraege/suche-ueber-vergabestellen/Forschungsinstitut%2520F%25C3%25BCr%2520Nutztierbiologie/3257860,,false,true
Ermittlung der Kosten für Unterkunft und Heizung in der Landeshauptstadt Magdeburg (30-ZV-0146/25),"Landeshauptstadt Magdeburg, Die Oberbürgermeisterin, Zentrale Vergabestelle","Ermittlung der Kosten für Unterkunft und Heizung in der Landeshauptstadt Magdeburg Mietlwerterhebung einschließlich Fortschreibung und webbasierter Datenbank für Angebotsmieten Ermittlung der abstrakt-angemessenen Richtwerte für Unterkunft und Heizung in der Landeshauptstadt Magdeburg für die Rechtskreise: Grundsicherung für Arbeitssuchende (SGB II), Sozialhilfe (SGB XII) und Asylbewerberleistungsgesetz (AsylbLG). Diese setzen sich wie folgt zusammen: - Kosten der Grundmiete - kalte Betriebskosten - Kosten für Heizung und Warmwasser jedoch sollte die Höhe der Kosten ""angemessen"" sein (eine ""angemessene"" Höhe ist vom Gesetzgeber nicht vorgesehen, weshalb diese durch ein ""schlüssiges Konzept"" bestimmt werden soll).",2025-09-23,2025-10-21,https://www.evergabe-online.de/tenderdetails.html?id=803873,48000000;48610000;79330000,true,false
