publication_number,publication_date,title,link
615992-2025,2025-09-22+02:00,"Franciaország – Postai szolgáltatások – Prestations de prise en charge, préparation et distribution d’imprimés publicitaires pour la DEX IDF de la Branche Services­Courrier­Colis de La Poste, au départ de Plate­forme de Préparation et de Distribution du Courrier (PPDC) pour les départements 77, 78, 91, 92, 91,93, 94 et 95.",https://ted.europa.eu/en/notice/-/detail/615992-2025
616292-2025,2025-09-22+02:00,"Franciaország – Megvalósíthatósági tanulmány, tanácsadó szolgáltatás, elemzés – AMO pour accompagner la CTM dans la structuration, la mise en place et le développement du Conservatoire de musique, danse et d'art dramatique de Martinique",https://ted.europa.eu/en/notice/-/detail/616292-2025
616376-2025,2025-09-22+02:00,Egyesült Királyság – Nem építkezéssel kapcsolatos kockázat- vagy veszélyértékelés – Water Quality Management (APUC),https://ted.europa.eu/en/notice/-/detail/616376-2025
616434-2025,2025-09-22+02:00,Lengyelország – Orvosi felszerelések – Dostawa urządzeń medycznych (tomografy i inne urządzenia).,https://ted.europa.eu/en/notice/-/detail/616434-2025
616443-2025,2025-09-22+02:00,"Írország – Egészséggel és biztonsággal kapcsolatos tanácsadói szolgáltatások – Establishment of a Panel for Safety, Health and Welfare (SHW) Advisory Service",https://ted.europa.eu/en/notice/-/detail/616443-2025
616496-2025,2025-09-22+02:00,"Lengyelország – Építészeti, építési, mérnöki és vizsgálati szolgáltatások – Opracowanie projektów wykonawczych oraz korekta i aktualizacja posiadanej dokumentacji dla przedsięwzięcia „Budowa trasy tramwajowej na Gocław” wraz ze wsparciem technicznym i pełnieniem nadzoru autorskiego.",https://ted.europa.eu/en/notice/-/detail/616496-2025
616568-2025,2025-09-22+02:00,Franciaország – Felújítás – Travaux de rénovation de la salle des fêtes - L'espace des Acacias à Hellemmes,https://ted.europa.eu/en/notice/-/detail/616568-2025
616603-2025,2025-09-22+02:00,"Olaszország – Gyógyászati bútorok az ágy és az asztal kivételével – ACCORDO QUADRO DI ARREDI SANITARI E DA UFFICIO, ATTREZZATURE PER LA FUNZIONE ALBERGHIERA E CUCINA",https://ted.europa.eu/en/notice/-/detail/616603-2025
616610-2025,2025-09-22+02:00,"Franciaország – Megvalósíthatósági tanulmány, tanácsadó szolgáltatás, elemzés – Mission d'AMO relative à la procédure de dialogue compétitif pour la désignation du maître d'oeuvre et relative à l'adéquation des études de maîtrise d'oeuvre au programme architectural",https://ted.europa.eu/en/notice/-/detail/616610-2025
616634-2025,2025-09-22+02:00,Románia – Vérvizsgálati reagensek – Acord-cadru de achizitie publică de reactivi divizat pe 14 loturi,https://ted.europa.eu/en/notice/-/detail/616634-2025
616657-2025,2025-09-22+02:00,"Románia – Asztali számítógépek – Achiziție calculatoare, echipamente periferice si software prin proiectul ""Digitalizarea Direcției de Sănătate Publică Covasna prin modernizarea infrastructurii informatice hardware și software în vederea îmbunătățirii proceselor interne și a legăturilor extrainstituționale""",https://ted.europa.eu/en/notice/-/detail/616657-2025
616708-2025,2025-09-22+02:00,"Franciaország – Megvalósíthatósági tanulmány, tanácsadó szolgáltatás, elemzés – Amélioration de la connaissance et de la conscience du risque inondation",https://ted.europa.eu/en/notice/-/detail/616708-2025
616739-2025,2025-09-22+02:00,Belgium – Könyvvizsgálói szolgáltatások – Overheidsopdracht voor auditdiensten: beoordeling en technische aanbevelingen voor brandbestrijdingssystemen bij federale wetenschappelijke instellingen,https://ted.europa.eu/en/notice/-/detail/616739-2025
616779-2025,2025-09-22+02:00,Franciaország – Címke – Fourniture d'étiquettes pour les établissements membres du GHT Rouen Coeur de Seine,https://ted.europa.eu/en/notice/-/detail/616779-2025
616825-2025,2025-09-22+02:00,Norvégia – Vérképelemzéssel kapcsolatos szolgáltatások – R&D service contract for full blood analyses,https://ted.europa.eu/en/notice/-/detail/616825-2025
616827-2025,2025-09-22+02:00,Hollandia – Építési munkák – 15982 Vervanging LBK en dakbedekking Penitentiaire Inrichting Ter Apel,https://ted.europa.eu/en/notice/-/detail/616827-2025
616870-2025,2025-09-22+02:00,"Franciaország – Enterális tápszerek – Fourniture de produits de nutrition entérale adulte et pédiatrique, CNO, de DADFMS pour la prise en charge des MMH et de laits spécifiques au profit des établissements membres du GCS GRAPS Grand Est",https://ted.europa.eu/en/notice/-/detail/616870-2025
616954-2025,2025-09-22+02:00,"Franciaország – Megvalósíthatósági tanulmány, tanácsadó szolgáltatás, elemzés – PHASE CANDIDATURE - Mission de maîtrise d'oeuvre d'exécution (MOEX) pour la construction de 131 logements neufs et la réhabilitation de 144 logements situés 249/255 rue de Crimée à PARIS (75019)",https://ted.europa.eu/en/notice/-/detail/616954-2025
616956-2025,2025-09-22+02:00,Románia – Reagensek és kontrasztanyagok – Reactivi și materiale de laborator 2,https://ted.europa.eu/en/notice/-/detail/616956-2025
617002-2025,2025-09-22+02:00,Lengyelország – Számítógépek és tartozékaik – Zakup sprzętu informatycznego dla jednostek garnizonu opolskiego – część V,https://ted.europa.eu/en/notice/-/detail/617002-2025
617080-2025,2025-09-22+02:00,Németország – Számítógépes támogatási és tanácsadói szolgáltatások – IT Operational Services and IT Technical Consultancy Advice and Support,https://ted.europa.eu/en/notice/-/detail/617080-2025
617083-2025,2025-09-22+02:00,Németország – Kutatási és fejlesztési szolgáltatások és kapcsolódó tanácsadói szolgáltatások – Modellvorhaben der Raumordnung (MORO) - Planungsbeschleunigung in der Landes- und Regionalplanung durch modernes Verfahrensmanagement und Prozessdigitalisierung (Phase 1),https://ted.europa.eu/en/notice/-/detail/617083-2025
617106-2025,2025-09-22+02:00,Németország – Igazságügyi szakértői tanácsadás – Standortbetrachtung MHKW Coburg,https://ted.europa.eu/en/notice/-/detail/617106-2025
617191-2025,2025-09-22+02:00,Szlovénia – Lapos képmegjelenítők – Nakup opreme za digitalizacijo objavljenih vsebin v prostorih zavoda ZD Ljubljana,https://ted.europa.eu/en/notice/-/detail/617191-2025
617205-2025,2025-09-22+02:00,Lengyelország – Fényelektromos napelemmodulok – „Poprawa efektywności energetycznej budynków użyteczności publicznej w Czeladzi – instalacje OZE”,https://ted.europa.eu/en/notice/-/detail/617205-2025
617210-2025,2025-09-22+02:00,"Spanyolország – Villamos energia, fűtés, nap- és nukleáris energia – Contrato mixto de suministro de energía eléctrica, instalación y explotación de instalaciones solares fotovoltaicas en la Universidad de Málaga",https://ted.europa.eu/en/notice/-/detail/617210-2025
617264-2025,2025-09-22+02:00,"Franciaország – Orvosbiológiai berendezések – Acquisition d'une boite à gants, maintenance et fourniture de consommables et accessoires associés",https://ted.europa.eu/en/notice/-/detail/617264-2025
617270-2025,2025-09-22+02:00,Lengyelország – Mély- és magasépítési kivitelezéssel kapcsolatos mérnöki tervezési szolgáltatások – Opracowanie wielowariantowej koncepcji budowy zachodniej obwodnicy Gorlic wraz z uzyskaniem decyzji o środowiskowych uwarunkowaniach,https://ted.europa.eu/en/notice/-/detail/617270-2025
617320-2025,2025-09-22+02:00,"Franciaország – Megvalósíthatósági tanulmány, tanácsadó szolgáltatás, elemzés – Mission d'ordonnancement, de pilotage, et de coordination du projet de renouvellement urbain (OPC-U). Quartiers de Pissevin/Valdegour Chemin bas d'Avignon/ Clos d'Orville-Mas de Mingue.",https://ted.europa.eu/en/notice/-/detail/617320-2025
617367-2025,2025-09-22+02:00,Írország – Dokumentumkezelési szolgáltatások – PRE MARKET ENGAGEMENT FOR TENDER FOR THE DIGITISATION AND DISPOSAL OF PLANNING RECORDS REF: 2526 TNDR RP 003 Pre Market Engagement***,https://ted.europa.eu/en/notice/-/detail/617367-2025
617499-2025,2025-09-22+02:00,Franciaország – Laboratóriumi reagensek – Fourniture de réactifs d'immunohistochimie pour le service d'anatomie cytologie pathologique du Centre Hospitalier de Valenciennes,https://ted.europa.eu/en/notice/-/detail/617499-2025
617508-2025,2025-09-22+02:00,Belgium – Katonai kutatás és technológia – Quantum Technologies in Defence (Action Plan and Foundational Research for Quantum Technologies in Defence),https://ted.europa.eu/en/notice/-/detail/617508-2025
617536-2025,2025-09-22+02:00,"Olaszország – Reagensek és kontrasztanyagok – fornitura e acquisizione in service di un sistema completo per preanalitica, chimica clinica e immunostochimica",https://ted.europa.eu/en/notice/-/detail/617536-2025
617548-2025,2025-09-22+02:00,"Csehország – Energetikai és azzal kapcsolatos szolgáltatások – Studie příležitostí k úsporám energie ve vybraných budovách ŘSD na jednotlivých Správách, Závodech a SSÚD, vč. Průkazů energetické náročnosti budov",https://ted.europa.eu/en/notice/-/detail/617548-2025
617565-2025,2025-09-22+02:00,"Svédország – Felmérési, közvélemény-kutatási szolgáltatások – Enkätundersökningar",https://ted.europa.eu/en/notice/-/detail/617565-2025
617586-2025,2025-09-22+02:00,"Franciaország – Megvalósíthatósági tanulmány, tanácsadó szolgáltatás, elemzés – Mise en place du service public de la rénovation de l'habitat - mission d'information, de conseil et d'accompagnement des propriétaires à l'amélioration des logements du parc privé sur le territoire de la CoVe",https://ted.europa.eu/en/notice/-/detail/617586-2025
617629-2025,2025-09-22+02:00,"Belgium – Szoftvermegvalósítási szolgáltatások – Aankoop van facilitair beheer- en werkoderbeheersysteem inclusief implementatie, configuratie, opleiding, ondersteuning en onderhoud voor VZW Het Domein Bokrijk",https://ted.europa.eu/en/notice/-/detail/617629-2025
617635-2025,2025-09-22+02:00,"Franciaország – Megvalósíthatósági tanulmány, tanácsadó szolgáltatás, elemzés – 2025182 - Suivi-animation dans le cadre du PACTE - Programme d'Intérêt Général de Lannion-Trégor Communauté",https://ted.europa.eu/en/notice/-/detail/617635-2025
617724-2025,2025-09-22+02:00,Németország – Közvélemény-kutatás elvégzésével kapcsolatos szolgáltatások – Organisation und Durchführung der Feldarbeiten in Deutschland inkl. Stichprobenziehung sowie Kodierung und Scoring offener Antworten für die ICCS 2027 (International Civic and Citizenship Education Study).,https://ted.europa.eu/en/notice/-/detail/617724-2025
617738-2025,2025-09-22+02:00,Franciaország – Laboratóriumi szolgáltatások – Prestations de Services liées aux exigences sanitaires européennes applicables aux produits et matériaux au contact de l’eau destinée à la consommation humaine,https://ted.europa.eu/en/notice/-/detail/617738-2025
617783-2025,2025-09-22+02:00,Írország – Építészeti és ezzel kapcsolatos szolgáltatások – Portlaoise Cultural Quarter Regeneration Old Granary Building Refurbishment Project CfT CA Unique ID:,https://ted.europa.eu/en/notice/-/detail/617783-2025
617809-2025,2025-09-22+02:00,Szlovákia – Számítógépek és tartozékaik – Digitálne vybavenie škôl,https://ted.europa.eu/en/notice/-/detail/617809-2025
617810-2025,2025-09-22+02:00,"Dánia – Külföldi gazdasági segítséggel kapcsolatos szolgáltatások – Consultancy Services for Monitoring, Evaluation, Accountability and Learning (MEAL) under the Peace and Stabilization Programme for West Africa (PSP WA), 2025-2028",https://ted.europa.eu/en/notice/-/detail/617810-2025
617847-2025,2025-09-22+02:00,"Franciaország – Ruházat, lábbeli, bőröndök és utazótáskák és kiegészítők – Fabrication de gilets et tricots de corps",https://ted.europa.eu/en/notice/-/detail/617847-2025
617856-2025,2025-09-22+02:00,Belgium – Mérnöki szolgáltatások – School “Les Marronniers”: Studieopdracht en opvolging van de uitvoering inzake speciale technieken voor grote renovatiewerken,https://ted.europa.eu/en/notice/-/detail/617856-2025
618025-2025,2025-09-22+02:00,Olaszország – Mosodai és vegytisztító szolgáltatások – AFFIDAMENTO DELLA GESTIONE E MANUTENZIONE QUINQUENNALE DELLO STRUMENTARIO CHIRURGICO E SUPPORTO DEI PROCESSI DI STERILIZZAZIONE CON RELATIVO AMMODERNAMENTO DEL PARCO TECNOLOGICO DELLA CENTRALE DI STER,https://ted.europa.eu/en/notice/-/detail/618025-2025
618057-2025,2025-09-22+02:00,"Törökország, Németország, Írország, Szlovénia, Portugália, Svédország, Finnország – Kutatási és kísérleti fejlesztési szolgáltatások – CircularPSP: Pre-commercial procurement (PCP) to buy R&D (research and development) services to develop a Public Service Platforms for Circular, Innovative and Resilient Municipalities.",https://ted.europa.eu/en/notice/-/detail/618057-2025
618201-2025,2025-09-22+02:00,"Franciaország – Építészeti, építési, mérnöki és vizsgálati szolgáltatások – Études de faisabilité et de maîtrise d’œuvre pour des projets de restauration de continuité écologique et de zones humides sur le bassin versant de l’Epte",https://ted.europa.eu/en/notice/-/detail/618201-2025
618204-2025,2025-09-22+02:00,"Németország – Mérnöki szolgáltatások – Generalplanung ABS Hanau-Gelnhausen, Leistungsphasen 3-4, optional Leistungsphasen 6-7",https://ted.europa.eu/en/notice/-/detail/618204-2025
618215-2025,2025-09-22+02:00,Franciaország – Különféle irodai berendezések és kellékek – Acquisition de fournitures industrielles et acquisition de fournitures électriques et électroniques pour La Poste et ses filiales Chronopost et Viaposte.,https://ted.europa.eu/en/notice/-/detail/618215-2025
618361-2025,2025-09-22+02:00,"Csehország – Mérnöki tervezési szolgáltatások – Plavecký stadion - rekonstrukce a modernizace, projektová dokumentace",https://ted.europa.eu/en/notice/-/detail/618361-2025
618408-2025,2025-09-22+02:00,"Németország – Hirdetési és marketingszolgáltatások – Kreativ-, Social- und PR-Agenturen für die Marke Deutsche Bahn",https://ted.europa.eu/en/notice/-/detail/618408-2025
618445-2025,2025-09-22+02:00,Belgium – CT letapogató készülékek – Purchase of a CT X-Ray scanner for energy storage research & development,https://ted.europa.eu/en/notice/-/detail/618445-2025
618461-2025,2025-09-22+02:00,"Olaszország – Diagnosztikai rendszerek – Procedura aperta Fornitura in service di un sistema completamente automatizzato per semina, incubazione e lettura dei campioni microbiologici comprensivo della fornitura di dispositivi di raccolta occ",https://ted.europa.eu/en/notice/-/detail/618461-2025
618503-2025,2025-09-22+02:00,Olaszország – Könyvtári szolgáltatások – CONCESSIONE SERVIZI BIBLIOTECARI - CALDERARA DI RENO,https://ted.europa.eu/en/notice/-/detail/618503-2025
618517-2025,2025-09-22+02:00,Szlovákia – Számítógépek és tartozékaik – IKT zariadenia DNS,https://ted.europa.eu/en/notice/-/detail/618517-2025
618640-2025,2025-09-22+02:00,Franciaország – Szerkezetátalakítás – TRAVAUX D'AMENAGEMENT DES LOCAUX DE DIJON HOTEL DES POSTES POUR LA CREATION D'UN VILLAGE LA POSTE,https://ted.europa.eu/en/notice/-/detail/618640-2025
618685-2025,2025-09-22+02:00,Olaszország – Különféle orvosi eszközök és készítmények – Generatori radiofrequenze e ultrasuoni e relativo materiale di consumo,https://ted.europa.eu/en/notice/-/detail/618685-2025
618982-2025,2025-09-22+02:00,Spanyolország – A tengeri környezet megőrzésével kapcsolatos stratégiai tervezés – Programa de Aplicación de los Planes de Ordenación del Espacio Marítimo,https://ted.europa.eu/en/notice/-/detail/618982-2025
619111-2025,2025-09-22+02:00,Magyarország – Járműállomány-javítási és karbantartási szolgáltatások – BFKH gépjárműkarbantartás 24 hónap,https://ted.europa.eu/en/notice/-/detail/619111-2025
619354-2025,2025-09-22+02:00,"Spanyolország – Orvosi felszerelések – Adquisición, instalación, puesta en marcha y mantenimiento de diverso equipamiento para las unidades de simulación en las gerencias pertenecientes al Servicio de Salud de Castilla la Mancha",https://ted.europa.eu/en/notice/-/detail/619354-2025
619376-2025,2025-09-22+02:00,Lengyelország – Televíziós és audiovizuális berendezések – Sprzedaż i dostarczenie wyposażenia studia nagrań w ramach projektu DARIAH-PL Część 1 Profesjonalny sprzęt do studia nagrań: kamera 360 Część 2 Profesjonalny sprzęt do studia nagrań: foto i audio-video,https://ted.europa.eu/en/notice/-/detail/619376-2025
619385-2025,2025-09-22+02:00,Lengyelország – Különféle orvosi eszközök és készítmények – Dostawa sprzętów różnych,https://ted.europa.eu/en/notice/-/detail/619385-2025
619420-2025,2025-09-22+02:00,Németország – Kutatási és fejlesztési szolgáltatások és kapcsolódó tanácsadói szolgáltatások – Kaltplasma,https://ted.europa.eu/en/notice/-/detail/619420-2025
619457-2025,2025-09-22+02:00,Franciaország – Nyugdíjasotthon építése – Marché de travaux pour la construction de l'EHPAD de Blâmont,https://ted.europa.eu/en/notice/-/detail/619457-2025
619508-2025,2025-09-22+02:00,Írország – Különleges célú gépjárművek – SI-2504 Request for tender for the provision of A Mobile Testing Unit for Sport Ireland Anti-Doping Unit,https://ted.europa.eu/en/notice/-/detail/619508-2025
619551-2025,2025-09-23+02:00,"Montenegró – Teljes vagy részleges magas- és mélyépítési munka – Improvement of water supply system in the Old Royal Capital Cetinje, Montenegro",https://ted.europa.eu/en/notice/-/detail/619551-2025
619628-2025,2025-09-23+02:00,Lengyelország – Fényelektromos napelemmodulok – Montaż urządzeń OZE na terenie Gminy Biała-etap II,https://ted.europa.eu/en/notice/-/detail/619628-2025
619739-2025,2025-09-23+02:00,Németország – Üzleti fejlesztési tanácsadó szolgáltatások – Begleitung und Unterstützung Krankenhausreform Brandenburg,https://ted.europa.eu/en/notice/-/detail/619739-2025
619755-2025,2025-09-23+02:00,"Olaszország – Különféle orvosi eszközök és készítmények – procedura aperta per la fornitura quinquennale di strumentazione e reagenti per la diagnostica rapida di infezioni delle vie respiratorie in POCT, occorrenti al Capilupi di Capri.",https://ted.europa.eu/en/notice/-/detail/619755-2025
619773-2025,2025-09-23+02:00,"Franciaország – Alaptervezési szolgáltatások – Maîtrise d'oeuvre pour la création d'un bassin de stockage et restitution de 25000 m3, de traversées de Seine et du doublement d'un émissaire",https://ted.europa.eu/en/notice/-/detail/619773-2025
619787-2025,2025-09-23+02:00,"Franciaország – Felmérési, közvélemény-kutatási szolgáltatások – OBSERVATOIRE DECHETS - ECONOMIE CIRCULAIRE EN RÉGION CENTRE-VAL DE LOIRE",https://ted.europa.eu/en/notice/-/detail/619787-2025
619800-2025,2025-09-23+02:00,"Luxemburg – Építészeti, építési, mérnöki és vizsgálati szolgáltatások – Architectural and technical assistance to the building owner in the following capitals: Lot 1: Budapest (Hungary) Lot 2: Lisbon (Portugal) Lot 3: Nicosia (Cyprus) Lot 4: The Hague (The Netherlands) Lot 5: Dublin (Ireland)",https://ted.europa.eu/en/notice/-/detail/619800-2025
619816-2025,2025-09-23+02:00,Portugália – Mérnöki tanulmány – Aquisição de serviços - IP8 (EN260) - SERPA (KM 28+580) E VN SÃO BENTO (45+885) - REABILITAÇÃO,https://ted.europa.eu/en/notice/-/detail/619816-2025
619850-2025,2025-09-23+02:00,"Franciaország – Mérnöki tanulmány – Elaboration ou mise à jour du schéma directeur des eaux pluviales sur les communes de BOUEE ,CORDEMAIS, LAVAU SUR LOIRE, MALVILLE,PRINQUIAU et QUILLY dans le cadre d'un groupement de commande -",https://ted.europa.eu/en/notice/-/detail/619850-2025
619870-2025,2025-09-23+02:00,"Belgium – Elemi iskola építése – DE HAAN - GO! Campus Aan Zee - sloop, renovatie, nieuwbouw en omgevingsaanleg",https://ted.europa.eu/en/notice/-/detail/619870-2025
619959-2025,2025-09-23+02:00,Franciaország – Mérnöki tanulmány – Réalisation d'une étude diagnostique du système d'assainissement syndical,https://ted.europa.eu/en/notice/-/detail/619959-2025
619979-2025,2025-09-23+02:00,Hollandia – Gazdasági és piackutatás; közvéleménykutatás és statisztika – Naleving van Uitkeringsverplichtingen,https://ted.europa.eu/en/notice/-/detail/619979-2025
619989-2025,2025-09-23+02:00,Norvégia – Rendezvényszervezési szolgáltatások – B2B Event matchmaking platform,https://ted.europa.eu/en/notice/-/detail/619989-2025
620124-2025,2025-09-23+02:00,"Franciaország – Megvalósíthatósági tanulmány, tanácsadó szolgáltatás, elemzés – PRESTATIONS D'EXPERTISES IMMOBILIERES AUX FINS DE VALORISATION D'IMMEUBLES HLM ANCIENS EN BLOC EN VUE DE LEUR REVENTE AUX LOCATAIRES",https://ted.europa.eu/en/notice/-/detail/620124-2025
620129-2025,2025-09-23+02:00,Csehország – Mérnöki tervezési szolgáltatások – Stavba č. 7552 Budovatelská - Mladoboleslavská; projektová a inženýrská činnost,https://ted.europa.eu/en/notice/-/detail/620129-2025
620171-2025,2025-09-23+02:00,"Finnország – Számítógépek és tartozékaik – Kainuun hyvinvointialue - Tietokoneet 2023-2027 (DPS) - Tietokoneiden, lisätarvikkeiden ja niihin liittyvien palveluiden hankinta",https://ted.europa.eu/en/notice/-/detail/620171-2025
620333-2025,2025-09-23+02:00,Németország – Kutatási és kísérleti fejlesztési szolgáltatások – Toxikologische Studie von polymere Mikrobläschen,https://ted.europa.eu/en/notice/-/detail/620333-2025
620388-2025,2025-09-23+02:00,Olaszország – Anesztéziai készülékek – PROCEDURA DI GARA APERTA AI SENSI DEGLI ARTT. 25 E 71 DEL D.LGS 36/2023 PER L’ACQUISIZIONE DI SISTEMI DI ANESTESIA,https://ted.europa.eu/en/notice/-/detail/620388-2025
620431-2025,2025-09-23+02:00,"Lengyelország – Sterilizáló-, fertőtlenítő- és egészségügyi eszközök – Zakup i dostawa sprzętu na potrzeby Centralnej Sterylizatorni w Samodzielnym Publicznym Zakładzie Opieki Zdrowotnej w Puławach.",https://ted.europa.eu/en/notice/-/detail/620431-2025
620535-2025,2025-09-23+02:00,"Észak-Macedónia – Vegyipari termékek – Procurement of chemicals and reagents, standards and kits",https://ted.europa.eu/en/notice/-/detail/620535-2025
620604-2025,2025-09-23+02:00,"Svájc – Személyi számítógépek – Hardware-/Client- Beschaffung Gossau SG, Flawil, Wil SG, Häggenschwil, Eggersriet SG",https://ted.europa.eu/en/notice/-/detail/620604-2025
620700-2025,2025-09-23+02:00,"Csehország – Építészeti, építési, mérnöki és vizsgálati szolgáltatások – Vltavská filharmonie/Vltava Philharmonic Hall",https://ted.europa.eu/en/notice/-/detail/620700-2025
620760-2025,2025-09-23+02:00,"Olaszország – Irodatakarítási szolgáltatások – Procedura aperta ex art. 71 D.Lgs. 36/2023, con aggiudicazione secondo il criterio dell’offerta economicamente più vantaggiosa sulla base del miglior rapporto qualità/prezzo ex art. 108 D.Lgs. 36/2023",https://ted.europa.eu/en/notice/-/detail/620760-2025
620782-2025,2025-09-23+02:00,Németország – Adatfeldolgozó gépek (hardver) – Rahmenverträge Laptops und Monitore,https://ted.europa.eu/en/notice/-/detail/620782-2025
620830-2025,2025-09-23+02:00,Belgium – Platós furgonok – Aankoop 2 lichte vrachtwagens met laadbrug,https://ted.europa.eu/en/notice/-/detail/620830-2025
620846-2025,2025-09-23+02:00,Franciaország – Épületszerelvény-javítási és -karbantartási szolgáltatások – Maintenance et entretien multi techniques des bâtiments et équipements,https://ted.europa.eu/en/notice/-/detail/620846-2025
620897-2025,2025-09-23+02:00,"Franciaország – Felmérési, közvélemény-kutatási szolgáltatások – Missions de Coordination en matière de sécurité et de protection de la santé (niveau1, 2 et 3) / Prévention pour les opérations de voirie, ouvrages d'art et réseaux divers",https://ted.europa.eu/en/notice/-/detail/620897-2025
620994-2025,2025-09-23+02:00,Németország – Tetőfedés napkollektorral – PV Anlage,https://ted.europa.eu/en/notice/-/detail/620994-2025
621129-2025,2025-09-23+02:00,"Ausztria – Könnyű furgonok – Leicht-LKW der Klasse N2, Geländewagen und Pick Up",https://ted.europa.eu/en/notice/-/detail/621129-2025
621210-2025,2025-09-23+02:00,Olaszország – Nefrológiai vagy ideggyógyászati szolgáltatások – Gara Emodialisi domiciliare assistita,https://ted.europa.eu/en/notice/-/detail/621210-2025
621244-2025,2025-09-23+02:00,Olaszország – Gyógyászati és sebészeti berendezéssel kapcsolatos javítási és karbantartási szolgáltatások – MANUTENZIONE FULL - RISK DI N.6 TOMOGRAFI COMPUTERIZZATI,https://ted.europa.eu/en/notice/-/detail/621244-2025
621267-2025,2025-09-23+02:00,Franciaország – Építészeti és ezzel kapcsolatos szolgáltatások – Marché privé de Maîtrise d?OEuvre pour la restructuration et l?extension de l?EHPAD Jean Macé à Saint-Nazaire (44),https://ted.europa.eu/en/notice/-/detail/621267-2025
621308-2025,2025-09-23+02:00,"Olaszország – Gyermek- és fiatalgondozási szolgáltatások – PNRR ADOLESCENZA DESTEENAZIONE, E NELLO SPECIFICO LA REALIZZAZIONE DELLE LINEE DI ATTIVITÀ 1.2, 1.3, 2, 3 DEL PROGETTO DESTEENAZIONE",https://ted.europa.eu/en/notice/-/detail/621308-2025
621315-2025,2025-09-23+02:00,"Románia – Megvalósíthatósági tanulmány, tanácsadó szolgáltatás, elemzés – Servicii întocmire rapoarte de expertiză tehnică, audit energetic și documentație tehnico-economică faza DALI pentru 30 clădiri rezidențiale în cadrul programului „Green & Energy Efficient Jiu Valley” în vederea eficientizării energetice a acestora – ETAPA I",https://ted.europa.eu/en/notice/-/detail/621315-2025
621709-2025,2025-09-23+02:00,Olaszország – Étkezdei szolgáltatások – Servizio di ristorazione,https://ted.europa.eu/en/notice/-/detail/621709-2025
621712-2025,2025-09-23+02:00,Norvégia – Építési munkák – RFI - Procurement strategy for RN station systems.,https://ted.europa.eu/en/notice/-/detail/621712-2025
621738-2025,2025-09-23+02:00,Németország – Közvélemény-kutatás elvégzésével kapcsolatos szolgáltatások – Organisation und Durchführung der Feldarbeiten in Deutschland inkl. Stichprobenziehung sowie Kodierung und Scoring offener Antworten für die ICCS 2027 (International Civic and Citizenship Education Study).,https://ted.europa.eu/en/notice/-/detail/621738-2025
621854-2025,2025-09-23+02:00,"Románia – Elektronikus táblamásolók vagy tartozékok – Furnizare de echipamente și resurse tehnologice digitale pentru dotarea școlilor pentru proiectul "" DOTAREA CU MOBILIER, MATERIALE DIDACTICE SI ECHIPAMENTE DIGITALE A SCOLII PROFESIONALE DUMBRAVITA, comuna Dumbrăvița, jud. Maramureș”",https://ted.europa.eu/en/notice/-/detail/621854-2025
621920-2025,2025-09-23+02:00,"Németország – Irodai és számítástechnikai gépek, berendezések és kellékek, a bútorzat és a szoftvercsomagok kivételével – Ersatzneubau Schule für Körperbehinderte Schule an der Muldaue - Los 6-2.1: EDV-Peripheriegeräte",https://ted.europa.eu/en/notice/-/detail/621920-2025
621925-2025,2025-09-23+02:00,Norvégia – Banki és befektetési szolgáltatások – Market dialogue with suppliers of the municipal bank agreement.,https://ted.europa.eu/en/notice/-/detail/621925-2025
622057-2025,2025-09-23+02:00,Görögország – Adatfeldolgozó berendezések – «Αναβάθμιση του δικτύου δεδομένων στο κεντρικό κτίριο του ΥΠΑΙΘΑ στο Μαρούσι»,https://ted.europa.eu/en/notice/-/detail/622057-2025
622062-2025,2025-09-23+02:00,"Belgium – Piackutatási szolgáltatások – LA REALISATION D’ETUDES DE MARCHE QUALITATIVES, QUANTITATIVES OU MIXTES ET DE TRACKERS EN BELGIQUE",https://ted.europa.eu/en/notice/-/detail/622062-2025
622083-2025,2025-09-23+02:00,"Franciaország – Mérnöki tanulmány – Réalisation d'une étude de gestion patrimoniale, d'un schéma de gestion d'eau potable et élaboration du Plan de Gestion de la Sécurité Sanitaire des Eaux",https://ted.europa.eu/en/notice/-/detail/622083-2025
622153-2025,2025-09-23+02:00,Franciaország – Villamossági szerelési anyagok – 2025EPC0011 - ACCORD-CADRE RELATIF A LA FOURNITURE ET INSTALLATION DE MATERIELS SCENIQUES POUR L'ETABLISSEMENT PUBLIC DU CAPITOLE,https://ted.europa.eu/en/notice/-/detail/622153-2025
622201-2025,2025-09-23+02:00,Olaszország – Biztosítási szolgáltatások – Affidamento triennale copertura assicurativa suddivisa in due lotti,https://ted.europa.eu/en/notice/-/detail/622201-2025
622240-2025,2025-09-23+02:00,"Németország – Mérnöki szolgáltatások – Generalplanung ABS Hanau-Gelnhausen, Leistungsphasen 3-4, optional Leistungsphasen 6-7",https://ted.europa.eu/en/notice/-/detail/622240-2025
622255-2025,2025-09-23+02:00,Lengyelország – Fényelektromos napelemmodulok – „Budowa instalacji OZE na terenie Gminy Zelów”,https://ted.europa.eu/en/notice/-/detail/622255-2025
622260-2025,2025-09-23+02:00,"Románia – Tetőfedés napkollektorral – “Achizitionarea de servicii de proiectare (PT+DE+DTAC + verificare documentatii de verificatori autorizati + obtinere avize + asistenta tehnica) si Executie lucrari, aferent obiectivului - „INFIINTARE PARC FOTOVOLTAIC PENTRU PRODUCEREA ENERGIEI ELECTRICE DIN SURSE REGENARABILE DE ENERGIE DE TIP SOLAR PENTRU CONSUMUL ENERGETIC AL MUNICIPIULUI SIBIU”",https://ted.europa.eu/en/notice/-/detail/622260-2025
622315-2025,2025-09-23+02:00,"Németország – Tetőfedés napkollektorral – Sanierung des Kulturhauses Tecklenburg, Photovoltaikanlage",https://ted.europa.eu/en/notice/-/detail/622315-2025
622342-2025,2025-09-23+02:00,Németország – Piackutatási szolgáltatások – Erstellung einer wissenschaftliche Studie zu Erasmus plus - School Alliances,https://ted.europa.eu/en/notice/-/detail/622342-2025
622522-2025,2025-09-23+02:00,Spanyolország – Reklámtervezési és -szervezési szolgáltatások – prj_124731_Aceleración ventas digitales B2B Endesa Energía,https://ted.europa.eu/en/notice/-/detail/622522-2025
622590-2025,2025-09-23+02:00,"Németország – IT-szolgáltatások: tanácsadás, szoftverfejlesztés, internet és támogatás – fachliche Beratung und Unterstützungsleistungen im Rahmen der Transition und Transformation zur Umstellung auf ein IT-Servicemanagement-Betriebsmodell",https://ted.europa.eu/en/notice/-/detail/622590-2025
622596-2025,2025-09-23+02:00,"Franciaország – Fedélszék felállítása és tetőfedés, illetve kapcsolódó munkák – Travaux de désamiantage, de renfort structurel de bâtiment et mise en place d'une nouvelle couverture destinée à recevoir une installation photovoltaïque",https://ted.europa.eu/en/notice/-/detail/622596-2025
622655-2025,2025-09-23+02:00,Lengyelország – Társadalomkutatási szolgáltatások – Realizacja i opracowanie badań i ekspertyz dotyczących sytuacji na regionalnym i lokalnym rynku pracy (LORP) – 4 części,https://ted.europa.eu/en/notice/-/detail/622655-2025
622674-2025,2025-09-24+02:00,Olaszország – Parenterális tápoldatok – FORNITURA DI SACCHE PER NUTRIZIONE PARENTERALE,https://ted.europa.eu/en/notice/-/detail/622674-2025
622684-2025,2025-09-24+02:00,Románia – Laboratóriumi reagensek – Acord cadru de furnizare Reactivi de laborator,https://ted.europa.eu/en/notice/-/detail/622684-2025
622690-2025,2025-09-24+02:00,Németország – Public relations szolgáltatások – Öffentlichkeitsarbeit / PR Unterstützung B2B & B2C,https://ted.europa.eu/en/notice/-/detail/622690-2025
622715-2025,2025-09-24+02:00,Portugália – Mérnöki tanulmány – Aquisição de Serviços - L. ALTA VELOCIDADE - ADAPTAÇÃO DA ESTAÇÃO DE AVEIRO,https://ted.europa.eu/en/notice/-/detail/622715-2025
622738-2025,2025-09-24+02:00,"Svédország – Laboratóriumi, optikai és precíziós felszerelések (kivéve szemüvegek) – A pre-analytical sorting and centrifuging system",https://ted.europa.eu/en/notice/-/detail/622738-2025
622795-2025,2025-09-24+02:00,Olaszország – Diagnosztikai rendszerek – Gara a procedura aperta telematica per la fornitura di un Sistema macchina reattivi per l’esecuzione in totale automazione di test non invasivi per diagnosi prenatale (NIPT) per le esigenze triennali,https://ted.europa.eu/en/notice/-/detail/622795-2025
622917-2025,2025-09-24+02:00,"Csehország – Energetikai és azzal kapcsolatos szolgáltatások – Studie příležitostí k úsporám energie ve vybraných budovách ŘSD na jednotlivých Správách, Závodech a SSÚD, vč. Průkazů energetické náročnosti budov",https://ted.europa.eu/en/notice/-/detail/622917-2025
622954-2025,2025-09-24+02:00,Franciaország – Mérnöki tanulmány – EPFGE - Missions de repérage de matériaux et produits amiantés et réalisation de diagnostics de recherche de plomb,https://ted.europa.eu/en/notice/-/detail/622954-2025
623003-2025,2025-09-24+02:00,"Belgium – Röntgenberendezések – Fourniture, installation, mise en service et maintenance de deux tables de radiographie télécommandées avec détecteur sans fil et une suspension plafonnière (poste 1 et 2) et d'un mobile avec détecteur sans fil (poste 3)",https://ted.europa.eu/en/notice/-/detail/623003-2025
623082-2025,2025-09-24+02:00,Németország – Gépjárművek – Sammelbestellung 18 - Kauf von Hochdachkombi und Kleintransporter,https://ted.europa.eu/en/notice/-/detail/623082-2025
623415-2025,2025-09-24+02:00,Olaszország – Hívóközpont – APPALTO DEL SERVIZIO DI GESTIONE DELLA CENTRALE OPERATIVA DI MANUTENZIONE E PER IL SERVIZIO DI PRENOTAZIONE TELEFONICA PER IL RILASCIO DI DOCUMENTI ANAGRAFICI A DUE LOTTI CONGIUNTI,https://ted.europa.eu/en/notice/-/detail/623415-2025
623491-2025,2025-09-24+02:00,"Franciaország – Magasépítési munka – Marché de conception réalisation - 52 rue des Hucailles, STAINS (93)",https://ted.europa.eu/en/notice/-/detail/623491-2025
623508-2025,2025-09-24+02:00,Görögország – Mérnöki tanulmány – ΕΚΠΟΝΗΣΗ ΠΡΟΜΕΛΕΤΩΝ ΚΑΙ ΤΕΥΧΩΝ ΔΗΜΟΠΡΑΤΗΣΗΣ ΓΙΑ ΤΗΝ ΔΙΑΜΟΡΦΩΣΗ ΠΟΔΗΛΑΤΙΚΗΣ ΔΙΑΔΡΟΜΗΣ ΚΟΡΙΝΘΟΣ-ΚΑΛΑΜΑΤΑ,https://ted.europa.eu/en/notice/-/detail/623508-2025
623566-2025,2025-09-24+02:00,Németország – Közvélemény-kutatás elvégzésével kapcsolatos szolgáltatások – Mitarbeitendenbefragungen innerhalb einer Resonanzstrategie: Gefährdungsbeurteilung psychischer Belastungen,https://ted.europa.eu/en/notice/-/detail/623566-2025
623590-2025,2025-09-24+02:00,"Olaszország – Diagnosztikai készülékek – Gara europea nella forma della procedura aperta in modalità telematica, ai sensi dell’art.71 del D.lgs. n.36/2023, per l’Acquisizione di n.1 strumento per analisi di tessuti con imaging multiplex - Pr",https://ted.europa.eu/en/notice/-/detail/623590-2025
623598-2025,2025-09-24+02:00,Olaszország – Sebészeti nyomonkövetési és ellenőrző rendszerek – PROCEDURA APERTA SERVICE FORNITURA SISTEMI LOCALIZZAZIONE MAGNETICA LESIONI NON PALPABILI DELLA MAMMELLA PER LE AZIENDE SANITARIE AREA VASTA,https://ted.europa.eu/en/notice/-/detail/623598-2025
623661-2025,2025-09-24+02:00,"Németország – Építészeti, építési, mérnöki és vizsgálati szolgáltatások – Vergabe von Planungsleistungen für den Bau von reproduzierbaren Feuerwehrhäusern für Freiwillige Feuerwehren im Land Mecklenburg-Vorpommern",https://ted.europa.eu/en/notice/-/detail/623661-2025
623776-2025,2025-09-24+02:00,Franciaország – Gépjárművek – Location de véhicules Quadricycles électriques utilitaires de catégorie L7e avec contenants et prestations de full services associées,https://ted.europa.eu/en/notice/-/detail/623776-2025
623824-2025,2025-09-24+02:00,"Németország – Megvalósíthatósági tanulmány, tanácsadó szolgáltatás, elemzés – Machbarkeitsstudie und NKU Straßenbahn von Griesheim nach Riedstadt",https://ted.europa.eu/en/notice/-/detail/623824-2025
623841-2025,2025-09-24+02:00,Olaszország – Különféle orvosi eszközök és készítmények – Prodotti di elettrofisiologia,https://ted.europa.eu/en/notice/-/detail/623841-2025
623912-2025,2025-09-24+02:00,Franciaország – Irodabútor – Achats d’éléments de mobilier standard pour les sites de La Poste,https://ted.europa.eu/en/notice/-/detail/623912-2025
623921-2025,2025-09-24+02:00,"Litvánia – Energiahatékonysági tanácsadó szolgáltatások – Pušų g. 41, Vilnius, daugiabučio namo atnaujinimo (modernizavimo) investicijų plano ir energinio naudingumo sertifikato rengimo paslaugų pirkimas",https://ted.europa.eu/en/notice/-/detail/623921-2025
623944-2025,2025-09-24+02:00,Szlovákia – Villamos kellékek és tartozékok – Podporné technológie dátových sál - DNS,https://ted.europa.eu/en/notice/-/detail/623944-2025
623988-2025,2025-09-24+02:00,Lengyelország – Napelemes berendezések – Energetyka odnawialna dla szkół podstawowych w Orzeszu w podziale na 5 (pięć) części,https://ted.europa.eu/en/notice/-/detail/623988-2025
624007-2025,2025-09-24+02:00,Belgium – Munkaerő-felvétellel kapcsolatos értékelőközponti szolgáltatások – Beoordelings- en ontwikkelingscentra,https://ted.europa.eu/en/notice/-/detail/624007-2025
624021-2025,2025-09-24+02:00,"Németország – Építészeti, építési, mérnöki és vizsgálati szolgáltatások – United Heat - SCADA-System - Konzeptstudie",https://ted.europa.eu/en/notice/-/detail/624021-2025
624046-2025,2025-09-24+02:00,Csehország – Napelemes berendezések – Instalace FVS v areálu Technických služeb Opava,https://ted.europa.eu/en/notice/-/detail/624046-2025
624054-2025,2025-09-24+02:00,Lengyelország – Számítógépek és tartozékaik – Dostawa sprzętu serwerowego,https://ted.europa.eu/en/notice/-/detail/624054-2025
624262-2025,2025-09-24+02:00,Horvátország – Építészeti és ezzel kapcsolatos szolgáltatások – Izrada studijsko-projektne dokumentacije za izgradnju postrojenja za energetsku oporabu goriva iz otpada i muljeva iz uređaja za obradu otpadnih voda na lokaciji Centra za gospodarenje otpadom Šibensko-kninske županije „Bikarac“,https://ted.europa.eu/en/notice/-/detail/624262-2025
624276-2025,2025-09-24+02:00,Belgium – Építészeti tervezési szolgáltatások – ARC-25-0038 - Ontwerpstudie nieuwe linkeroever op het kanaal naar Charleroi tussen de Bospoortbrug en de Misiabrug in Halle,https://ted.europa.eu/en/notice/-/detail/624276-2025
624311-2025,2025-09-24+02:00,"Belgium – Tűzriasztó rendszer szerelése – Thema Ruimte- dienst Gebouwen en technieke. Aankoopcentrale voor de raamovereenkomst voor het vernieuwen van brandcentrales, onderhoud en depannage voor een periode van 5 jaar.",https://ted.europa.eu/en/notice/-/detail/624311-2025
624421-2025,2025-09-24+02:00,"Franciaország – Gázhálózati berendezések – Marché de chiffons, de solvants et produits moussants",https://ted.europa.eu/en/notice/-/detail/624421-2025
624522-2025,2025-09-24+02:00,Franciaország – Többlakásos épületek és önálló házak kivitelezése – Construction de 67 logements dont 7 logements individuels et 60 logements collectifs - Macro lot 3 à Frouzins (31),https://ted.europa.eu/en/notice/-/detail/624522-2025
624526-2025,2025-09-24+02:00,Norvégia – Piackutatási szolgáltatások – Market reaserch services,https://ted.europa.eu/en/notice/-/detail/624526-2025
624542-2025,2025-09-24+02:00,Lengyelország – Számítógépek és tartozékaik – Zakup sprzętu informatycznego dla jednostek garnizonu opolskiego – część 3,https://ted.europa.eu/en/notice/-/detail/624542-2025
624556-2025,2025-09-24+02:00,Franciaország – Szerkezetátalakítás – Travaux de réhabilitation énergétique et de restructuration du bâtiment BELLE VIE à HOUTAUD,https://ted.europa.eu/en/notice/-/detail/624556-2025
624563-2025,2025-09-24+02:00,Franciaország – Villamossági szerelési anyagok – Marché d’acquisition d’appareils de mesure des harmoniques (AMH),https://ted.europa.eu/en/notice/-/detail/624563-2025
624889-2025,2025-09-24+02:00,Románia – Nagyjavítás és felújítás – RENOVAREA INTEGRATĂ (consolidare seismica și renovare energetică moderată) și RENOVARE ENERGETICĂ MODERATĂ SAU APROFUNDATĂ A CLĂDIRILOR REZIDENȚIALE MULTIFAMILIALE/BLOCURILOR DE LOCUINȚE DIN SECTORUL 5 AL MUNICIPIULUI BUCUREȘTI - proiectare și execuție lucrări - Lot 1 și Lot 2,https://ted.europa.eu/en/notice/-/detail/624889-2025
624934-2025,2025-09-24+02:00,"Csehország – Építési munkák – Novostavba polyfunkčního domu Elišky Junkové, Brno",https://ted.europa.eu/en/notice/-/detail/624934-2025
625010-2025,2025-09-24+02:00,Németország – Építési munkák – Erlebnisbad Zeller Land -Los 25.1 - Metallbau- und Verglasungsarbeiten,https://ted.europa.eu/en/notice/-/detail/625010-2025
625013-2025,2025-09-24+02:00,Lengyelország – Ipari gépek – Dostawa 3 szt. robotów przemysłowych w ramach projektu „Poprawa bazy dydaktycznej oraz infrastruktury szkół zawodowych prowadzonych przez Powiat Mielecki”,https://ted.europa.eu/en/notice/-/detail/625013-2025
625019-2025,2025-09-24+02:00,"Lengyelország – Számítógépszerverek – Dostawa sprzętu serwerowego, macierzowego oraz systemu do wirtualizacji, kopii zapasowych i archiwizacji.",https://ted.europa.eu/en/notice/-/detail/625019-2025
625059-2025,2025-09-24+02:00,Olaszország – Könyvtári és levéltári szolgáltatások – S.U.A.Q PROVINCIA DI VICENZA C/O COMUNE DI VALEGGIO SUL MINCIO PER L’AFFIDAMENTO DEL SERVIZIO DI GESTIONE DELLA BIBLIOTECA COMUNALE.,https://ted.europa.eu/en/notice/-/detail/625059-2025
625081-2025,2025-09-24+02:00,"Csehország – Építészeti, építési, mérnöki és vizsgálati szolgáltatások – KOCIÁNKA, MENŠÍKOVA – ÚPRAVY KOMUNIKACÍ – DPZ + PDPS + AD",https://ted.europa.eu/en/notice/-/detail/625081-2025
625100-2025,2025-09-24+02:00,Belgium – Adatgyűjtési és -egybevetési szolgáltatások – Development and adaptation of life cycle information for construction products to be used in the context of Regulation (EU) 2024/3110,https://ted.europa.eu/en/notice/-/detail/625100-2025
625191-2025,2025-09-24+02:00,Románia – Megvalósíthatósági tanulmány – Elaborare studiu de fezabilitate pentru implementare Sistem Hardware/Software de management backup date și disaster-recovery si intocmirea Analizei impactului asupra Businessului a Serviciilor Informatice (AIBSI) din zona serviciilor esentiale si a Planului de Continuitate pentru Serviciile Informatice (PCSI)”,https://ted.europa.eu/en/notice/-/detail/625191-2025
625207-2025,2025-09-24+02:00,Görögország – Mérnöki tanulmány – ΕΚΠΟΝΗΣΗ ΠΡΟΜΕΛΕΤΩΝ ΚΑΙ ΤΕΥΧΩΝ ΔΗΜΟΠΡΑΤΗΣΗΣ ΓΙΑ ΤΗΝ ΔΙΑΜΟΡΦΩΣΗ ΠΟΔΗΛΑΤΙΚΗΣ ΔΙΑΔΡΟΜΗΣ ΜΕΓΑΡΑ-ΚΟΡΙΝΘΟΣ,https://ted.europa.eu/en/notice/-/detail/625207-2025
625209-2025,2025-09-24+02:00,Írország – Rendezvényszervezési szolgáltatások – CD202522 - Event Management Company to Deliver B2B Leisure and Luxury Roadshow 2025-2027 Reissue,https://ted.europa.eu/en/notice/-/detail/625209-2025
625291-2025,2025-09-24+02:00,Magyarország – Egészségbiztosítási szolgáltatások – Csoportos egészségbiztosítási szolgáltatás,https://ted.europa.eu/en/notice/-/detail/625291-2025
625352-2025,2025-09-24+02:00,Németország – Közvélemény-kutatási szolgáltatások – RV Institutsumfragen 2026,https://ted.europa.eu/en/notice/-/detail/625352-2025
625355-2025,2025-09-24+02:00,"Franciaország – Mérnöki tanulmány – Accord-cadre pour des missions de diagnostics immobiliers : repérage amiante (DTA, DAPP, RAATREDEL, DAAT), diagnostic plomb et d'Etat des risques et pollutions (ERP) sur le patrimoine du territoire 3 d'IDF HABITAT",https://ted.europa.eu/en/notice/-/detail/625355-2025
625357-2025,2025-09-24+02:00,Lengyelország – Hulladékkal és szeméttel kapcsolatos szolgáltatások – Odbiór odpadów komunalnych z terenu Gminy Miejskiej Lidzbark Warmiński wraz z wyposażeniem gniazd w pojemniki i zapewnieniem worków dla określonych nieruchomości oraz utworzenie i prowadzenie Miejskiego Punktu Selektywnego Zbierania Odpadów Komunalnych (MPSZOK),https://ted.europa.eu/en/notice/-/detail/625357-2025
625508-2025,2025-09-24+02:00,"Románia – Erőmű építése – Servicii de proiectare si asistenta tehnica, verificare documentatii de catre verificatori atestati si executie lucrari pentru proiectul „Instalarea unei noi capacități de producere a energiei pentru autoconsum din surse solare în Municipiul Craio-va”, jud. Dolj cod SMIS 319497",https://ted.europa.eu/en/notice/-/detail/625508-2025
625551-2025,2025-09-24+02:00,"Románia – Erőmű építése – Execuție de lucrări, achiziție echipamente și montaj, inclusiv dotări pentru proiectul: AMPLASARE PANOURI FOTOVOLTAICE LA CET 2 HOLBOCA",https://ted.europa.eu/en/notice/-/detail/625551-2025
625600-2025,2025-09-24+02:00,"Franciaország – Megvalósíthatósági tanulmány, tanácsadó szolgáltatás, elemzés – Prestations d'expertise, de conseil, d'étude et d'ingénierie de projets touristiques",https://ted.europa.eu/en/notice/-/detail/625600-2025
625703-2025,2025-09-24+02:00,Csehország – Kardio-angiográfiás készülékek – Angiografický komplet s C-ramenem pro intervenční kardiologii,https://ted.europa.eu/en/notice/-/detail/625703-2025
625752-2025,2025-09-24+02:00,"Ausztria – Építészeti, mérnöki és tervezési szolgáltatások – 15., Kellinggasse 7",https://ted.europa.eu/en/notice/-/detail/625752-2025
625813-2025,2025-09-24+02:00,"Szlovákia – Építkezéssel kapcsolatos környezeti hatáselemzés – Vypracovanie správy o hodnotení (SoH) vrátane súvisiacich štúdií stavby ,,Rýchlostná cesta R3 Oravský Podzámok - Dolný Kubín - Diaľnica D1""",https://ted.europa.eu/en/notice/-/detail/625813-2025
625914-2025,2025-09-24+02:00,"Litvánia – Energiahatékonysági tanácsadó szolgáltatások – Šilo g.6, Vilnius, daugiabučio namo atnaujinimo (modernizavimo) investicijų plano ir energinio naudingumo sertifikato rengimo paslaugų pirkimas",https://ted.europa.eu/en/notice/-/detail/625914-2025
625923-2025,2025-09-24+02:00,Spanyolország – Programnyelvek és eszközök fejlesztésével kapcsolatos szolgáltatások – prj_124926 - Cuadros de mando B2B,https://ted.europa.eu/en/notice/-/detail/625923-2025
625938-2025,2025-09-24+02:00,Hollandia – Nyomtatási és kapcsolódó szolgáltatások – print en reprodienstverlening,https://ted.europa.eu/en/notice/-/detail/625938-2025
625939-2025,2025-09-24+02:00,Lengyelország – Fényelektromos napelemmodulok – Wykorzystanie energii odnawialnej poprzez zakup i montaż instalacji fotowoltaicznych dla mieszkańców miasta Turku,https://ted.europa.eu/en/notice/-/detail/625939-2025
625998-2025,2025-09-24+02:00,Norvégia – Építési munkák – Hose renovation of sewage pipelines,https://ted.europa.eu/en/notice/-/detail/625998-2025
626043-2025,2025-09-25+02:00,"Románia – Vasútépítés – Serv. de elab. a docum. tehnico,economice, faza PT+PAC+DDE+asistenta tehnica din partea proiectantului pe parcursul executiei lucr.+Certificat de performanta energetica pt cladirile aferente depoului+docum. pt obtinerea avizelor si autorizatiei de securitate la incendiu+docum. avize si EXECUTIE lucrari in cadrul proiectului-Componenta:Modernizare depou tramvaie în Mun. Craiova, cod SMIS 334142",https://ted.europa.eu/en/notice/-/detail/626043-2025
626153-2025,2025-09-25+02:00,"Románia – Megvalósíthatósági tanulmány, tanácsadó szolgáltatás, elemzés – Servicii de Elaborare Documentație de Avizare pentru Lucrări de Intervenție (DALI) şi consultanţă pentru proiectul ''Creșterea siguranței rutiere în cartierele din Sectorul 1 al Municipiului București - Loturile: 1 – 16",https://ted.europa.eu/en/notice/-/detail/626153-2025
626161-2025,2025-09-25+02:00,Lengyelország – Nagyszámítógépek – Dostawa stacji roboczych i monitorów dla Katedry Technologii i Automatyzacji Politechniki Częstochowskiej,https://ted.europa.eu/en/notice/-/detail/626161-2025
626274-2025,2025-09-25+02:00,Németország – Építési projektvezetői szolgáltatások – Projektsteuerungsleistungen für den Bau der 4. Reinigungsstufe - Zentralklärwerk Darmstadt,https://ted.europa.eu/en/notice/-/detail/626274-2025
626329-2025,2025-09-25+02:00,Hollandia – Építési munkák – 15982 Vervanging LBK en dakbedekking Penitentiaire Inrichting Ter Apel,https://ted.europa.eu/en/notice/-/detail/626329-2025
626344-2025,2025-09-25+02:00,Írország – Busz és távolsági busz kölcsönzése vezetővel – Establishment of a panel of suitably qualified operating companies who will provide bus transport for trips/outings for schools and centres across Carlow and Kilkenny under the remit of KCETB,https://ted.europa.eu/en/notice/-/detail/626344-2025
626422-2025,2025-09-25+02:00,Olaszország – Mellprotézis – FORNITURA DI SISTEMI PROTESICI PER LA RICOSTRUZIONE DELLA MAMMELLA,https://ted.europa.eu/en/notice/-/detail/626422-2025
626429-2025,2025-09-25+02:00,Moldova – Száloptikai kábelek – Fibră optică și produse conexe cu instalare,https://ted.europa.eu/en/notice/-/detail/626429-2025
626553-2025,2025-09-25+02:00,"Lengyelország – Laboratóriumi reagensek – Dostawa zestawów odczynnikowych, materiałów zużywalnych i kontrolnych wraz z dzierżawą aparatów dla Zakładu Mikrobiologii.",https://ted.europa.eu/en/notice/-/detail/626553-2025
626599-2025,2025-09-25+02:00,"Románia – Megvalósíthatósági tanulmány, tanácsadó szolgáltatás, elemzés – “Sprijin pentru pregatirea aplicatiei de finantare si a documentatiilor de atribuire pentru “Proiectul regional de dezvoltare a infrastructurii de apa si apa uzata din judetul Gorj, in perioada 2021-2027”",https://ted.europa.eu/en/notice/-/detail/626599-2025
626693-2025,2025-09-25+02:00,"Németország – IT-szolgáltatások: tanácsadás, szoftverfejlesztés, internet és támogatás – Beschaffung eines Projektportfoliomanagementtools",https://ted.europa.eu/en/notice/-/detail/626693-2025
626715-2025,2025-09-25+02:00,Olaszország – Egészséggel és biztonsággal kapcsolatos szolgáltatások – SERVIZIO TRASPORTO VALORI CUP,https://ted.europa.eu/en/notice/-/detail/626715-2025
626773-2025,2025-09-25+02:00,Németország – Statisztikai szolgáltatások – Individuelle Relevanzwahrnehmungen im Kontext aktueller Fortschritte des Standortauswahlverfahrens,https://ted.europa.eu/en/notice/-/detail/626773-2025
626797-2025,2025-09-25+02:00,"Csehország – Építészeti, építési, mérnöki és vizsgálati szolgáltatások – Poskytování služeb technického poradenství pro veřejné investice – Opakované řízení",https://ted.europa.eu/en/notice/-/detail/626797-2025
626818-2025,2025-09-25+02:00,"Franciaország – Üzemegységek, ipartelepek építése – Renouvellement Marché TG BI/PSE",https://ted.europa.eu/en/notice/-/detail/626818-2025
626874-2025,2025-09-25+02:00,"Lengyelország – Orvosi fogyóeszközök – Dostawa sprzętu medycznego, specjalistycznego, jednorazowego oraz diagnostycznego wraz z akcesoriami.",https://ted.europa.eu/en/notice/-/detail/626874-2025
627105-2025,2025-09-25+02:00,"Németország – Közvélemény-kutatási szolgáltatások – Quantitative Umfrage in Indien, Brasilien und Nigeria",https://ted.europa.eu/en/notice/-/detail/627105-2025
627114-2025,2025-09-25+02:00,"Belgium – Orvosi felszerelések – Levering, installatie en onderhoud van PCR-apparatuur, dienst Klinische Biologie",https://ted.europa.eu/en/notice/-/detail/627114-2025
627222-2025,2025-09-25+02:00,Lengyelország – Társadalomkutatási szolgáltatások – Realizacja i opracowanie badania „Analiza potencjałów branżowych w zakresie zielonych miejsc pracy”,https://ted.europa.eu/en/notice/-/detail/627222-2025
627315-2025,2025-09-25+02:00,"Lengyelország – Számítógépek és tartozékaik – Sprzedaż i dostawa fabrycznie nowego, nieużywanego sprzętu dla laboratorium dźwięku Wydziału Muzyki Uniwersytetu Rzeszowskiego.",https://ted.europa.eu/en/notice/-/detail/627315-2025
627432-2025,2025-09-25+02:00,Írország – Jogi tanácsadási szolgáltatások – Multi-Party Framework for the Provision of Legal Services,https://ted.europa.eu/en/notice/-/detail/627432-2025
627698-2025,2025-09-25+02:00,Németország – Marketingszolgáltatás – B2B-Vermarktung und PR für das Retailing des Flughafen Frankfurt,https://ted.europa.eu/en/notice/-/detail/627698-2025
627733-2025,2025-09-25+02:00,Olaszország – Közútkarbantartás – GARA EUROPEA A PROCEDURA APERTA PER ACCORDO QUADRO 2025-2028 - DM 101/2022 MANUTENZIONE STRAORDINARIA DELLA RETE STRADALE DELLA PROVINCIA DI RAVENNA,https://ted.europa.eu/en/notice/-/detail/627733-2025
627757-2025,2025-09-25+02:00,Írország – Oktatási és képzési szolgáltatások – UL0655 Panel for Provision of External Tutors/Lectures for the University of Limerick,https://ted.europa.eu/en/notice/-/detail/627757-2025
627841-2025,2025-09-25+02:00,"Norvégia – Orvosi felszerelések, gyógyszerek és testápolási termékek – Immune colour instrument for Sykehuset Telemark HF",https://ted.europa.eu/en/notice/-/detail/627841-2025
627842-2025,2025-09-25+02:00,Lengyelország – Hordozható számítógépek – „Dostawa komputerów”,https://ted.europa.eu/en/notice/-/detail/627842-2025
627923-2025,2025-09-25+02:00,Lengyelország – Egészségügyi laboratórium által nyújtott szolgáltatások – Przeprowadzenie badań laboratoryjnych dla uczestników projektu: Wsparcie zdrowotne pracowników „Uzdrowiska Busko-Zdrój” S.A.,https://ted.europa.eu/en/notice/-/detail/627923-2025
628001-2025,2025-09-25+02:00,Olaszország – Különféle orvosi eszközök és készítmények – RFA,https://ted.europa.eu/en/notice/-/detail/628001-2025
628083-2025,2025-09-25+02:00,Franciaország – Mérnöki tanulmány – Schéma directeur pour la prévention des inondations - Affluents torrentiels de la Romanche en Oisans pour le compte du SYMBHI,https://ted.europa.eu/en/notice/-/detail/628083-2025
628106-2025,2025-09-25+02:00,"Lengyelország – Építészeti, építési, mérnöki és vizsgálati szolgáltatások – Opracowanie projektu wstępnego dla „Budowy trasy tramwajowej w ul. Modlińskiej od pętli Żerań FSO do połączenia z trasą tramwajową na Tarchomin”, pozyskanie decyzji o środowiskowych uwarunkowaniach przedsięwzięcia i wsparcie techniczne.",https://ted.europa.eu/en/notice/-/detail/628106-2025
628180-2025,2025-09-25+02:00,Csehország – Zajszennyezéssel kapcsolatos szolgáltatások – I/16 Nová Paka - obchvat - prověření hlukové zátěže,https://ted.europa.eu/en/notice/-/detail/628180-2025
628248-2025,2025-09-25+02:00,Németország – Ipari képzési szolgáltatások – Ausbildung von Kalibriertechnikern,https://ted.europa.eu/en/notice/-/detail/628248-2025
628344-2025,2025-09-25+02:00,"Franciaország – Elektromechanikai berendezések – conception, fabrication et installation de nouveaux équipements de recherche en hydrodynamique du bassin de traction de l'Ecole Centrale de Nantes",https://ted.europa.eu/en/notice/-/detail/628344-2025
628369-2025,2025-09-25+02:00,"Németország – Csővezetékek, hírközlési és villamos vezetékek építése – Gemeinde Altdorf: Erweiterung Grundschule - Gewerk: MSR-Anlage",https://ted.europa.eu/en/notice/-/detail/628369-2025
628400-2025,2025-09-25+02:00,Németország – Közvélemény-kutatás elvégzésével kapcsolatos szolgáltatások – DEBRA IV Marktstudie,https://ted.europa.eu/en/notice/-/detail/628400-2025
628413-2025,2025-09-25+02:00,Csehország – Építészeti és ezzel kapcsolatos szolgáltatások – Stavební úpravy Kotkova – Břeňkova – PD III,https://ted.europa.eu/en/notice/-/detail/628413-2025
628447-2025,2025-09-25+02:00,Franciaország – Mérnöki szolgáltatások – Mission de faisabilité pour la réalisation d'une étude hydraulique et hydromorphologique du ruisseau de Quicule et de ses affluents,https://ted.europa.eu/en/notice/-/detail/628447-2025
628524-2025,2025-09-25+02:00,Olaszország – Büféüzemeltetési szolgáltatások – S.U.A.Q. PROVINCIA DI VICENZA PER CONTO DELL' ESU DI VENEZIA PER AFFIDAMENTO SERVZIO DI RISTORAZIONE UNIVERSITARIA,https://ted.europa.eu/en/notice/-/detail/628524-2025
628748-2025,2025-09-25+02:00,Németország – Szerverek – GSH - KI-Server,https://ted.europa.eu/en/notice/-/detail/628748-2025
628821-2025,2025-09-25+02:00,Lengyelország – Számítógépek és tartozékaik – Najem sprzętu komputerowego,https://ted.europa.eu/en/notice/-/detail/628821-2025
628834-2025,2025-09-25+02:00,"Bulgária – Laboratóriumi, optikai és precíziós felszerelések (kivéve szemüvegek) – „Доставка на уреди и апарати за митнически лаборатории“",https://ted.europa.eu/en/notice/-/detail/628834-2025
628984-2025,2025-09-25+02:00,Csehország – Mérnöki tervezési szolgáltatások – Dynamický nákupní systém na výkon projekčních činností pro Zoo Praha,https://ted.europa.eu/en/notice/-/detail/628984-2025
629045-2025,2025-09-25+02:00,"Spanyolország – Oktatási és képzési szolgáltatások – Establecimiento y funcionamiento de un sistema de clasificación propio para la homologación de proveedores de servicios de consultoría, formación, estudios de la caliad del servicio y de recursoso humanos y de contratación para la Empresa Malagueña de Transportes, S.A.M.",https://ted.europa.eu/en/notice/-/detail/629045-2025
629064-2025,2025-09-25+02:00,"Lengyelország – Radioterápiás, mechanoterápiás, elektroterápiás és fizikoterápiás eszközök – Zakup i dostawa sprzętu do rehabilitacji leczniczej dla pacjentów onkologicznych w Samodzielnym Publicznym Zakładzie Opieki Zdrowotnej w Puławach.",https://ted.europa.eu/en/notice/-/detail/629064-2025
629207-2025,2025-09-25+02:00,Franciaország – Mérnöki tanulmány – Suivi de l'évolution du littoral de la Manche et acquisition de données morpho-sédimentaires,https://ted.europa.eu/en/notice/-/detail/629207-2025
629254-2025,2025-09-25+02:00,"Belgium – Megvalósíthatósági tanulmány, tanácsadó szolgáltatás, elemzés – Enkelvoudige raamovereenkomst Plan- en projectvoorbereiding infrastructuur en baggerwerken in en aan de vaarweg",https://ted.europa.eu/en/notice/-/detail/629254-2025
629262-2025,2025-09-25+02:00,Írország – Busz és távolsági busz kölcsönzése vezetővel – KCETB invite submissions for the re-advertisement of the Panel of Companies to provide Coach/Bus Hire services to transport staff and students to a range of off site destinations nationwide,https://ted.europa.eu/en/notice/-/detail/629262-2025
629469-2025,2025-09-25+02:00,Csehország – Lapos képmegjelenítők – Výzva č. 97 – LCD monitory – Dynamický nákupní systém na dodávky ICT a AVT,https://ted.europa.eu/en/notice/-/detail/629469-2025
629518-2025,2025-09-26+02:00,"Franciaország – Megvalósíthatósági tanulmány, tanácsadó szolgáltatás, elemzés – Mesure de l'impact social",https://ted.europa.eu/en/notice/-/detail/629518-2025
629535-2025,2025-09-26+02:00,"Lengyelország – Rendezvényszervezési szolgáltatások – Kompleksowa usługa organizacji wielosektorowej misji gospodarczej połączonej do Manamy (Bahrajn) dla mikro, małych i średnich przedsiębiorstw z Województwa Lubelskiego.",https://ted.europa.eu/en/notice/-/detail/629535-2025
629600-2025,2025-09-26+02:00,Olaszország – Röntgenkészülék-javítási és -karbantartási szolgáltatások – Manutenzione apparecchiature alta tecnologia,https://ted.europa.eu/en/notice/-/detail/629600-2025
629771-2025,2025-09-26+02:00,"Németország – Küldeményfeladási szolgáltatások – Versanddienstleistungen Lagerung, Konfektionierung, Hauspost, Messelogistik und weltweite Belieferung von Endverbrauchern und Geschäftskunden",https://ted.europa.eu/en/notice/-/detail/629771-2025
629833-2025,2025-09-26+02:00,"Norvégia – Hangfeldolgozó berendezések – Procurement of Scene, Lighting, Audio, Picture and Electronic In demand system for the main hall.",https://ted.europa.eu/en/notice/-/detail/629833-2025
629893-2025,2025-09-26+02:00,Lengyelország – Lapos képmegjelenítők – Dostawa monitorów dla Jednostek Organizacyjnych PBŚ,https://ted.europa.eu/en/notice/-/detail/629893-2025
630036-2025,2025-09-26+02:00,"Franciaország – Orvosbiológiai berendezések – Fourniture d'équipements, de consommables, installation, mise en service et maintenance des équipements pour le laboratoire du CHU de Rouen Normandie site Charles Nicolle",https://ted.europa.eu/en/notice/-/detail/630036-2025
630043-2025,2025-09-26+02:00,"Magyarország – Audiovizuális berendezések – Utasító rsz. bővítés,amortizációs csere és support",https://ted.europa.eu/en/notice/-/detail/630043-2025
630089-2025,2025-09-26+02:00,Olaszország – Vagyonbiztosítási szolgáltatások – Polizza assicurativa ALL RISKS e catastrofali,https://ted.europa.eu/en/notice/-/detail/630089-2025
630099-2025,2025-09-26+02:00,"Lengyelország – Piackutatási szolgáltatások – Usługa przeprowadzenia badania „Nauczyciele zawodu na zachodniopomorskim rynku pracy – stan, perspektywy, problemy”.",https://ted.europa.eu/en/notice/-/detail/630099-2025
630182-2025,2025-09-26+02:00,"Litvánia – Energiahatékonysági tanácsadó szolgáltatások – Lentupio g. 8, Vilnius, daugiabučio namo atnaujinimo (modernizavimo) investicijų plano ir energinio naudingumo sertifikato rengimo paslaugų pirkimas",https://ted.europa.eu/en/notice/-/detail/630182-2025
630239-2025,2025-09-26+02:00,"Csehország – Fürdőszobabútorok – Dodání a montáž vybavení koupelen pro asistované mytí, vč. myček podložních mís pro Domov pro seniory Dobřichovice",https://ted.europa.eu/en/notice/-/detail/630239-2025
630275-2025,2025-09-26+02:00,Franciaország – Mérnöki szolgáltatások – MISSION MAITRISE D'OEUVRE POUR LES TRAVAUX DE RÉPARATION DU PONT D'OLÉRON RD26 BOURCEFRANC LE CHAPUS,https://ted.europa.eu/en/notice/-/detail/630275-2025
630294-2025,2025-09-26+02:00,"Ausztria – Építészeti, mérnöki és tervezési szolgáltatások – 03., Hagenmüllergasse 21-23",https://ted.europa.eu/en/notice/-/detail/630294-2025
630524-2025,2025-09-26+02:00,Románia – Vérvizsgálati reagensek – Acord-cadru de achizitie publică de reactivi divizat pe 14 loturi,https://ted.europa.eu/en/notice/-/detail/630524-2025
630529-2025,2025-09-26+02:00,Románia – Kémiai reagensek – Reactivi pentru Unitatea de Primiri Urgente,https://ted.europa.eu/en/notice/-/detail/630529-2025
630605-2025,2025-09-26+02:00,"Románia – Megvalósíthatósági tanulmány – ,,Studiu de Fezabilitate și Proiect Tehnic pentru modernizarea liniei de cale ferată Coșlariu – Cluj-Napoca”",https://ted.europa.eu/en/notice/-/detail/630605-2025
630616-2025,2025-09-26+02:00,"Csehország – Megvalósíthatósági tanulmány, tanácsadó szolgáltatás, elemzés – Koncepce odtokových poměrů města České Budějovice – matematický model stokové sítě a odvodnění města",https://ted.europa.eu/en/notice/-/detail/630616-2025
630632-2025,2025-09-26+02:00,Norvégia – Hordozható számítógépek – Competition - Framework Agreement - Procurement of ICT equipment,https://ted.europa.eu/en/notice/-/detail/630632-2025
630720-2025,2025-09-26+02:00,"Olaszország – Járműállomány-támogatási szolgáltatások – PROCEDURA APERTA TELEMATICA DI RILIEVO COMUNITARIO, AI SENSI DELL’ART. 71 DEL D. LGS. N. 36/2023 PER LAFFIDAMENTO DEL “SERVIZIO DI FLEET MANAGEMENT DEI VEICOLI DI PROPRIETA’ DELL’AZIENDA ASL DI TARANT",https://ted.europa.eu/en/notice/-/detail/630720-2025
630853-2025,2025-09-26+02:00,Hollandia – Mérőeszközök – Vrijwillige transparantie vooraf: Hoge resolutie massaspectrometrie (HRMS) systeem met MALDI Imaging voor identificatie en ruimtelijke lokalisatie van (bio)moleculen,https://ted.europa.eu/en/notice/-/detail/630853-2025
630902-2025,2025-09-26+02:00,"Dánia – IT-szolgáltatások: tanácsadás, szoftverfejlesztés, internet és támogatás – Market research of system support for the implementation of the EU directive FASTER (Fast Track Assured and Safer Tax Excess Refunds)",https://ted.europa.eu/en/notice/-/detail/630902-2025
630923-2025,2025-09-26+02:00,"Németország – Mérnöki szolgáltatások – Erweiterung der Kläranlage, Stadt Parsberg, Generalplanung",https://ted.europa.eu/en/notice/-/detail/630923-2025
631113-2025,2025-09-26+02:00,Lengyelország – Piackutatási szolgáltatások – Usługa przeprowadzenia badania pt. Edukacja formalna i nieformalna w województwie zachodniopomorskim,https://ted.europa.eu/en/notice/-/detail/631113-2025
631372-2025,2025-09-26+02:00,Lengyelország – Orvosi felszerelések – Dostawa urządzeń medycznych (tomografy i inne urządzenia).,https://ted.europa.eu/en/notice/-/detail/631372-2025
631385-2025,2025-09-26+02:00,Lengyelország – Hulladékkal és szeméttel kapcsolatos szolgáltatások – Odbiór i zagospodarowanie odpadów komunalnych z terenu Gminy Lipowa w roku 2026.,https://ted.europa.eu/en/notice/-/detail/631385-2025
631500-2025,2025-09-26+02:00,Franciaország – Mérnöki tanulmány – Études et diagnostiques divers pour l’augmentation du capacitaire de l'école de gendarmerie de Rochefort,https://ted.europa.eu/en/notice/-/detail/631500-2025
631516-2025,2025-09-26+02:00,"Spanyolország – Szennyvíz- és hulladéktisztítási és környezetvédelmi szolgáltatások – Recogida de residuos, limpieza viaria e información ambiental, limpieza de playas y caminos, gestión de punto verde, control ejecución del servicio y plataforma inteligente de ciudad",https://ted.europa.eu/en/notice/-/detail/631516-2025
631576-2025,2025-09-26+02:00,"Csehország – Mély- és magasépítési kivitelezéssel kapcsolatos mérnöki tervezési szolgáltatások – „RS 4 úsek Ústí nad Labem - státní hranice CZ/SRN, Ústí nad Labem západ - portál Krušnohorského tunelu“; Zpracování dokumentace pro územní řízení - Dodatek č.7 k SOD",https://ted.europa.eu/en/notice/-/detail/631576-2025
631631-2025,2025-09-26+02:00,Franciaország – Megvalósíthatósági tanulmány – 25024PAP - Le Creusot - Réalisation d'une étude de faisabilité urbaine du Campus Sud Bourgogne.,https://ted.europa.eu/en/notice/-/detail/631631-2025
631706-2025,2025-09-26+02:00,Írország – Tetőszigetelés – SCC2025-0150 LA Energy Pathfinder Programme - Sligo County Council,https://ted.europa.eu/en/notice/-/detail/631706-2025
631772-2025,2025-09-26+02:00,Dánia – Magmágnesesrezonanciajel-letapogató – Purchase of benchtop NMR spectrometer,https://ted.europa.eu/en/notice/-/detail/631772-2025
631937-2025,2025-09-26+02:00,Norvégia – Kutatási és fejlesztési szolgáltatások és kapcsolódó tanácsadói szolgáltatások – Violence and high conflict after break-up of relationships - child welfare work on honorary violence,https://ted.europa.eu/en/notice/-/detail/631937-2025
631986-2025,2025-09-26+02:00,"Lengyelország – Építészeti, építési, mérnöki és vizsgálati szolgáltatások – Opracowanie dokumentacji dla przedsięwzięcia „Budowa trasy tramwajowej do Wilanowa – odcinek A1 i A2”",https://ted.europa.eu/en/notice/-/detail/631986-2025
632006-2025,2025-09-26+02:00,"Csehország – Mély- és magasépítési kivitelezéssel kapcsolatos mérnöki tervezési szolgáltatások – RS 1 VRT Prosenice - Ostrava-Svinov, II. část, Hranice na Moravě - Ostrava-Svinov; Zpracování dokumentace pro územní řízení - Dodatek č. 10",https://ted.europa.eu/en/notice/-/detail/632006-2025
632037-2025,2025-09-26+02:00,"Belgium – Építészeti, építési, mérnöki és vizsgálati szolgáltatások – Raamovereenkomst voor studiediensten in kader van de vernieuwing van het viaduct van Wilrijk (A12)",https://ted.europa.eu/en/notice/-/detail/632037-2025
632083-2025,2025-09-26+02:00,Luxemburg – Kutatási szolgáltatások – ESPON - Analysing Competitiveness through the lens of Cognitive Regional Distance (ACCORD),https://ted.europa.eu/en/notice/-/detail/632083-2025
632108-2025,2025-09-26+02:00,"Németország – Építészeti, építési, mérnöki és vizsgálati szolgáltatások – Machbarkeitsstudie Neubrück",https://ted.europa.eu/en/notice/-/detail/632108-2025
632127-2025,2025-09-26+02:00,Olaszország – Dokumentumkezelési szolgáltatások – PA VSF 31/25/82 - Procedura aperta per l'affidamento dei servizi di gestione integrata degli archivi documentali della Città metropolitana di Roma Capitale.,https://ted.europa.eu/en/notice/-/detail/632127-2025
632245-2025,2025-09-26+02:00,Magyarország – Építési munkák – ELTE Savaria Campus D ép. energetikai felújítása,https://ted.europa.eu/en/notice/-/detail/632245-2025
632275-2025,2025-09-26+02:00,"Románia – Megvalósíthatósági tanulmány, tanácsadó szolgáltatás, elemzés – Elaborare Studiu de Fezabilitate pentru Largire la 3 benzi pe sens a Autostrazii A1 Bucuresti - Pitesti",https://ted.europa.eu/en/notice/-/detail/632275-2025
632320-2025,2025-09-26+02:00,"Liechtenstein – IT-szolgáltatások: tanácsadás, szoftverfejlesztés, internet és támogatás – IT-Projektleitung und IT-Beratung für Sozialversicherungsbereich",https://ted.europa.eu/en/notice/-/detail/632320-2025
632395-2025,2025-09-26+02:00,Belgium – Mérnöki szolgáltatások – Technische studie voor de integratie van walstroom ten behoeve van de zeevaart geïntegreerd in een energiemanagementsysteem aan North Sea Port Terminals,https://ted.europa.eu/en/notice/-/detail/632395-2025
632402-2025,2025-09-26+02:00,"Franciaország – Megvalósíthatósági tanulmány, tanácsadó szolgáltatás, elemzés – Études relative à l'élaboration du Schéma Directeur d'Assainissement de l'Agglomération de la Région de Compiègne",https://ted.europa.eu/en/notice/-/detail/632402-2025
632405-2025,2025-09-26+02:00,Lengyelország – Fényelektromos napelemmodulok – INSTALACJA ODNAWIALNYCH ŹRÓDEŁ ENERGII NA BUDYNKACH UŻYTECZNOŚCI PUBLICZNEJ.,https://ted.europa.eu/en/notice/-/detail/632405-2025
632477-2025,2025-09-26+02:00,"Németország – Megvalósíthatósági tanulmány, tanácsadó szolgáltatás, elemzés – Durchführung von Beratungsleistungen und Konzeption „Standortkonsolidierung Hamburg“",https://ted.europa.eu/en/notice/-/detail/632477-2025
632499-2025,2025-09-26+02:00,Németország – Gazdasági és piackutatás; közvéleménykutatás és statisztika – Bürgerbefragung Ahrtal,https://ted.europa.eu/en/notice/-/detail/632499-2025
632532-2025,2025-09-26+02:00,Lengyelország – Számítógépek és tartozékaik – Zakup i dostawa sprzętu komputerowego na potrzeby Wydziału Nauk o Zdrowiu UO,https://ted.europa.eu/en/notice/-/detail/632532-2025
632754-2025,2025-09-29+02:00,"Norvégia, Dánia – Villamos gépek, készülékek, berendezések és fogyóeszközök; világítás – Achilles Utilities NCE qualification - notification of qualification system - Supplies",https://ted.europa.eu/en/notice/-/detail/632754-2025
632836-2025,2025-09-29+02:00,"Belgium – Felmérési, közvélemény-kutatási szolgáltatások – Ondersteuning bij de uitwerking van een nieuw beleidsplan Ruimte voor Oost-Vlaanderen",https://ted.europa.eu/en/notice/-/detail/632836-2025
632947-2025,2025-09-29+02:00,"Görögország – Gázcsővezeték – Προμήθεια χαλύβδινων σωλήνων και καμπυλών για το έργο ""Αγωγός υψηλής πίεσης Καρπερή-Κομοτηνή""",https://ted.europa.eu/en/notice/-/detail/632947-2025
632997-2025,2025-09-29+02:00,Belgium – Építészeti és ezzel kapcsolatos szolgáltatások – Aanstelling van een studiebureau voor de bouw van een manege in het Sport Vlaanderen Centrum Genk,https://ted.europa.eu/en/notice/-/detail/632997-2025
633080-2025,2025-09-29+02:00,Lengyelország – Piackutatási szolgáltatások – Realizacja badania „Mapowanie zachodniopomorskiej sieci instytucji edukacyjnych i rynku pracy”,https://ted.europa.eu/en/notice/-/detail/633080-2025
633122-2025,2025-09-29+02:00,Lengyelország – Fényelektromos napelemmodulok – Budowa mikroinstalacji fotowoltaicznej na budynku hali sportowej przy Gościńcu Cieszyn oraz na potrzeby Żłobka Miejskiego nr 1 w Cieszynie i Żłobka Miejskiego nr 2 w Cieszynie w ramach zadania inwestycyjnego pn.: Poprawa efektywności energetycznej jednostek miejskich miasta Cieszyna poprzez budowę instalacji fotowoltaicznych,https://ted.europa.eu/en/notice/-/detail/633122-2025
633130-2025,2025-09-29+02:00,"Németország – Építészeti, mérnöki és tervezési szolgáltatások – Objekt- und Freianlagenplanung - Umnutzung der Alten Schule Selbitz",https://ted.europa.eu/en/notice/-/detail/633130-2025
633158-2025,2025-09-29+02:00,Csehország – Várostervezési és tájrendezési szolgáltatások – ÚZEMNÍ STUDIE SYSTÉMU SÍDELNÍ ZELENĚ - HODNOCENÍ KRAJINNÉHO RÁZU V KARLOVÝCH VARECH,https://ted.europa.eu/en/notice/-/detail/633158-2025
633170-2025,2025-09-29+02:00,"Németország – Hirdetési és marketingszolgáltatások – Ausschreibung Leadagentur für das Standortmarketing und die Öffentlichkeitsarbeit des Thüringer Ministeriums für Wirtschaft, Landwirtschaft und Ländlichen Raum (TMWLLR)",https://ted.europa.eu/en/notice/-/detail/633170-2025
633207-2025,2025-09-29+02:00,"Szlovákia – Megvalósíthatósági tanulmány, tanácsadó szolgáltatás, elemzés – Analýza, migrácia, implementácia a podpora pri prechode na služby Microsoft 365",https://ted.europa.eu/en/notice/-/detail/633207-2025
633292-2025,2025-09-29+02:00,Németország – Lézerek – Multilaser Spectral Flow Cytometry,https://ted.europa.eu/en/notice/-/detail/633292-2025
633394-2025,2025-09-29+02:00,"Norvégia, Dánia – Építési munkák – Achilles Utilities NCE qualification - notification of qualification system - Works",https://ted.europa.eu/en/notice/-/detail/633394-2025
633443-2025,2025-09-29+02:00,"Belgium – Építészeti, építési, mérnöki és vizsgálati szolgáltatások – Smart Screening Lanes - Design en Engineering Infrastructuur",https://ted.europa.eu/en/notice/-/detail/633443-2025
633531-2025,2025-09-29+02:00,Olaszország – Orvosbiológiai berendezések – Affidamento sistema neuronavigazione,https://ted.europa.eu/en/notice/-/detail/633531-2025
633545-2025,2025-09-29+02:00,"Szlovákia – Megvalósíthatósági tanulmány, tanácsadó szolgáltatás, elemzés – Aktualizácia štúdie realizovateľnosti Rýchlostná cesta R6 štátna hranica SR/ČR – Púchov (D1)",https://ted.europa.eu/en/notice/-/detail/633545-2025
633554-2025,2025-09-29+02:00,Belgium – Piackutatási szolgáltatások – Uitvoeren van marktonderzoek in EU-landen (m.u.v. België) en derde landen 2026-2029,https://ted.europa.eu/en/notice/-/detail/633554-2025
633696-2025,2025-09-29+02:00,"Franciaország – Megvalósíthatósági tanulmány, tanácsadó szolgáltatás, elemzés – Prestations intellectuelles pour la définition et la mise en oeuvre de projets d'intermodalité Lot 1 : Etudes de faisabilités et programmes Lot 2 : AMO COP Lot 3 : AMO foncier",https://ted.europa.eu/en/notice/-/detail/633696-2025
633789-2025,2025-09-29+02:00,Dánia – Vízi jármű kölcsönzése személyzettel – Supplementary notice to notice 517069-2024 (Services) EU Tender for two CTVs for German Campaigns 2026,https://ted.europa.eu/en/notice/-/detail/633789-2025
633806-2025,2025-09-29+02:00,"Csehország – Diagnosztikumok – Dodávky reagencií a souvisejícího materiálu - ČÁST III. k PCR analyzátoru BioFire FilmArray Torch výr. BioFire Diagnostics, LLC",https://ted.europa.eu/en/notice/-/detail/633806-2025
633836-2025,2025-09-29+02:00,Németország – Piackutatási szolgáltatások – Fluggastbefragung Fraport-Monitor,https://ted.europa.eu/en/notice/-/detail/633836-2025
633924-2025,2025-09-29+02:00,"Ausztria – Laboratóriumi, optikai és precíziós felszerelések (kivéve szemüvegek) – Zusatzauftrag „BD Kiestra""",https://ted.europa.eu/en/notice/-/detail/633924-2025
633974-2025,2025-09-29+02:00,"Norvégia, Dánia – Javítási és karbantartási szolgáltatások – Achilles Utilities NCE qualification - notification of qualification system - Services",https://ted.europa.eu/en/notice/-/detail/633974-2025
634041-2025,2025-09-29+02:00,"Németország – Világítóberendezések és villamos lámpák – Berufsschulzentrum - Neubau am Standort Friedrich-List-Schule, Wiesbaden; Los 026.2, Lieferleistung Beleuchtungsanlage",https://ted.europa.eu/en/notice/-/detail/634041-2025
634126-2025,2025-09-29+02:00,"Németország – Megvalósíthatósági tanulmány, tanácsadó szolgáltatás, elemzés – Planung - Modernisierung der Verkehrsstation Herborn (Lph 5-7)",https://ted.europa.eu/en/notice/-/detail/634126-2025
634163-2025,2025-09-29+02:00,"Lengyelország – Társadalomkutatási szolgáltatások – Przygotowanie i przeprowadzenie badania oraz sporządzenie raportu pn. „Działania podejmowane w obszarze polityki na rzecz rozwoju umiejętności i współpracy w tym zakresie w województwie wielkopolskim: Instytucje czasu wolnego, kultury, wsparcia rodziny. Funkcja edukacyjna i działania sieciujące”",https://ted.europa.eu/en/notice/-/detail/634163-2025
634186-2025,2025-09-29+02:00,"Franciaország – Megvalósíthatósági tanulmány, tanácsadó szolgáltatás, elemzés – Assistance à maitrise d’ouvrage – Réhabilitation du site CMA Formation Versailles",https://ted.europa.eu/en/notice/-/detail/634186-2025
634230-2025,2025-09-29+02:00,Magyarország – Oktatási kellékek – RRF eszközök - Vendéglátás,https://ted.europa.eu/en/notice/-/detail/634230-2025
634380-2025,2025-09-29+02:00,Németország – Fényelektromos napelemmodulok – Dach-PV-Anlage,https://ted.europa.eu/en/notice/-/detail/634380-2025
634447-2025,2025-09-29+02:00,Írország – Társadalomkutatási szolgáltatások – Analysis of trends in prevalence of key types of non-standard work - 250302/7464,https://ted.europa.eu/en/notice/-/detail/634447-2025
634705-2025,2025-09-29+02:00,"Spanyolország – Villamos hálózati szerelés – Contratación de la ejecución de las obras del ""Proyecto de ingeniería de detalle de plantas fotovoltaicas integradas en el sistema OPS del Puerto Bilbao” y realización del “Servicio de operación y mantenimiento integral"".",https://ted.europa.eu/en/notice/-/detail/634705-2025
634766-2025,2025-09-29+02:00,"Németország – Megvalósíthatósági tanulmány, tanácsadó szolgáltatás, elemzés – Erarbeitung/Planung/Umsetzung Raumkonzept zum Projekt „Ein-Standort-Modell Hamburg“",https://ted.europa.eu/en/notice/-/detail/634766-2025
634796-2025,2025-09-29+02:00,Németország – Villamos huzalozás és szerelés – PV-Anlagen Venusberg-Campus - Teil 2,https://ted.europa.eu/en/notice/-/detail/634796-2025
634957-2025,2025-09-29+02:00,Szlovákia – Talpfák – Podvaly pre železničné dráhy z predpätého betónu s bezpodkladnicovým systémom upevnenia W14,https://ted.europa.eu/en/notice/-/detail/634957-2025
635058-2025,2025-09-29+02:00,"Spanyolország – Oktatási és képzési szolgáltatások – Establecimiento y funcionamiento de un sistema de clasificación propio para la homologación de proveedores de servicios de consultoría, formación, estudios de la caliad del servicio y de recursoso humanos y de contratación para la Empresa Malagueña de Transportes, S.A.M.",https://ted.europa.eu/en/notice/-/detail/635058-2025
635161-2025,2025-09-29+02:00,Lengyelország – Különféle számítógépes berendezések – Dostawa sprzętu komputerowego na potrzeby różnych jednostek Politechniki Opolskiej,https://ted.europa.eu/en/notice/-/detail/635161-2025
635195-2025,2025-09-29+02:00,Spanyolország – Hordozható számítógépek – Suministro de equipamiento informático para centros educativos del Principado de Asturias.,https://ted.europa.eu/en/notice/-/detail/635195-2025
635285-2025,2025-09-29+02:00,"Spanyolország – Személyi számítógépek – Suministro, a precio unitario, de diverso equipamiento tecnológico, estructurado en distingos lotes, destinado a dotar al Ayuntamiento de las herramientas necesarias para avanzar en su estrategia de modernización y transformación digital.",https://ted.europa.eu/en/notice/-/detail/635285-2025
635358-2025,2025-09-29+02:00,"Spanyolország – Számítógépek és tartozékaik – Suministro de aulas digitales y la capacitación en su uso del profesorado de centros educativos no universitarios de las Illes Balears en el marco del Plan de Recuperación, Transformación y Resiliencia, financiado por la Unión Europea - NextGenerationEU",https://ted.europa.eu/en/notice/-/detail/635358-2025
635413-2025,2025-09-29+02:00,"Németország – Piackutatási szolgáltatások – SL 36-25O - Strategisches, regionales Entwicklungskonzept - Sicherung der wirtschaftlichen Zukunft Vorpommerns und das östliche Mecklenburg im EU-Raum zu Polen",https://ted.europa.eu/en/notice/-/detail/635413-2025
635458-2025,2025-09-29+02:00,"Belgium – Nukleáris, biológiai, kémiai és sugárvédelmi védőfelszerelés – Fourniture, installation et maintenance d'un Spect-CT pour le Service de Médecine Nucléaire du Groupe Santé CHC ainsi que le démantèlement et le rachat d'un Spect-ct",https://ted.europa.eu/en/notice/-/detail/635458-2025
635470-2025,2025-09-29+02:00,"Románia – Megvalósíthatósági tanulmány – :Studiu de fezabilitate si proiectare pentru obiectivul “REFACEREA CAPACITĂȚII DE ATENUARE A LACULUI DE ACUMULARE VĂCĂREȘTI, ÎN VEDEREA ASIGURĂRII VOLUMELOR DE APĂ NECESARE FUNCȚIONĂRII ÎN CONDIȚII OPTIME A STAȚIEI DE TRATARE ARCUDA – ALIMENTAREA CU APĂ A MUNICIPIULUI BUCUREȘTI”",https://ted.europa.eu/en/notice/-/detail/635470-2025
635471-2025,2025-09-29+02:00,Szlovákia – Információs technológiával kapcsolatos szolgáltatások – Zabezpečenie informačného systému EDZ,https://ted.europa.eu/en/notice/-/detail/635471-2025
635568-2025,2025-09-29+02:00,Belgium – Bírósági végrehajtói szolgáltatások – STUDIE GERECHTSDEURWAARDERS,https://ted.europa.eu/en/notice/-/detail/635568-2025
635756-2025,2025-09-29+02:00,"Románia – Irodai és számítástechnikai gépek, berendezések és kellékek, a bútorzat és a szoftvercsomagok kivételével – Furnizarea echipamentelor digitale in cadrul proiectului ""Dotarea cu mobilier, materiale didactice și echipamente digitale a unităților de învățământ preuniversitar și a unităților conexe din Municipiul Adjud, județul Vrancea”",https://ted.europa.eu/en/notice/-/detail/635756-2025
635776-2025,2025-09-29+02:00,"Belgium – Laboratóriumi reagensek – Levering, inbedrijfstelling en onderhoud van een moleculaire biologieautomaat en levering van kits voor HPV-screening",https://ted.europa.eu/en/notice/-/detail/635776-2025
635808-2025,2025-09-29+02:00,Norvégia – Piackutatási szolgáltatások – In-depth service on Energy Markets and Energy Sectors - Briefs and Scenarios,https://ted.europa.eu/en/notice/-/detail/635808-2025
635820-2025,2025-09-29+02:00,Bulgária – Építkezési anyagok – „Доставки на строителни материали и инструменти за строителство за нуждите на Община Велико Търново и структурните й звена” по позиции:,https://ted.europa.eu/en/notice/-/detail/635820-2025
635913-2025,2025-09-29+02:00,"Csehország – Laboratóriumi, optikai és precíziós felszerelések (kivéve szemüvegek) – Compound management",https://ted.europa.eu/en/notice/-/detail/635913-2025
635946-2025,2025-09-29+02:00,Franciaország – Takarítási szolgáltatások – PRESTATIONS RÉCURRENTES DE NETTOYAGE POUR LES SITES DE LA POSTE SA ET DE SA FILIALE LA POSTE IMMOBILIER RESERVES AUX ENTREPRISES INCLUSIVES POUR LA REGION PROVENCE ALPES COTES D'AZUR,https://ted.europa.eu/en/notice/-/detail/635946-2025
635966-2025,2025-09-29+02:00,"Belgium – Szerszámok – Raamovereenkomst voor klein technisch gereedschap, bouwbeslag en bevestigingsmateriaal",https://ted.europa.eu/en/notice/-/detail/635966-2025
636125-2025,2025-09-29+02:00,Franciaország – Mosodai és vegytisztító szolgáltatások – Blanchissage du linge pour l'hôtel Le Crêt du Loup à la Clusaz,https://ted.europa.eu/en/notice/-/detail/636125-2025
636144-2025,2025-09-29+02:00,Németország – Építészeti és ezzel kapcsolatos szolgáltatások – Alfred-Wegener-Institut (AWI): Objektplanung für den Neubau eines Wohngebäudes in List auf Sylt,https://ted.europa.eu/en/notice/-/detail/636144-2025
636162-2025,2025-09-29+02:00,Spanyolország – Közvélemény-kutatási szolgáltatások – Realización de la Encuesta sobre Alcohol y Drogas en España (EDADES) del año 2026.,https://ted.europa.eu/en/notice/-/detail/636162-2025
